Accident_Chainage,Equipment_Chainage,Equip_LATITUDE,Equip_LONGITUDE
0.1,0.2,78.34551,17.39976
0.1,0.2,78.34551,17.39976
0.1,0.2,78.34551,17.39976
0.2,0.2,78.34551,17.39976
0.25,0.2,78.34551,17.39976
0.5,0.6,78.34221,17.40106
0.5,0.6,78.34221,17.40106
0.5,0.6,78.34221,17.40106
0.52,0.6,78.34221,17.40106
0.65,0.6,78.34221,17.40106
1,1.2,78.33731,17.40387
1,1.2,78.33731,17.40387
1,1.2,78.33731,17.40387
1,1.2,78.33731,17.40387
1.05,1.2,78.33731,17.40387
1.1,1.2,78.33731,17.40387
1.2,1.2,78.33731,17.40387
1.2,1.2,78.33731,17.40387
1.2,1.2,78.33731,17.40387
1.3,1.4,78.33631,17.40435
1.5,1.4,78.33631,17.40435
1.5,1.4,78.33631,17.40435
1.5,1.4,78.33631,17.40435
1.6,1.6,78.33371,17.40511
1.7,1.7,78.33343,17.40576
1.7,1.7,78.33343,17.40576
1.7,1.7,78.33343,17.40576
1.7,1.7,78.33343,17.40576
1.7,1.7,78.33343,17.40576
1.7,1.7,78.33343,17.40576
1.7,1.7,78.33343,17.40576
1.7,1.7,78.33343,17.40576
1.7,1.7,78.33343,17.40576
1.7,1.7,78.33343,17.40576
1.7,1.7,78.33343,17.40576
1.8,1.7,78.33343,17.40576
2,1.98,78.33067,17.40718
2,1.98,78.33067,17.40718
2,1.98,78.33067,17.40718
2,1.98,78.33067,17.40718
2,1.98,78.33067,17.40718
2,1.98,78.33067,17.40718
2,1.98,78.33067,17.40718
2,1.98,78.33067,17.40718
2,1.98,78.33067,17.40718
2,1.98,78.33067,17.40718
2,1.98,78.33067,17.40718
2,1.98,78.33067,17.40718
2,1.98,78.33067,17.40718
2,1.98,78.33067,17.40718
2,1.98,78.33067,17.40718
2,1.98,78.33067,17.40718
2,1.98,78.33067,17.40718
2,1.98,78.33067,17.40718
2,1.98,78.33067,17.40718
2,1.98,78.33067,17.40718
2,1.98,78.33067,17.40718
2,1.98,78.33067,17.40718
2,1.98,78.33067,17.40718
2.3,2.3,78.32788,17.40813
2.3,2.3,78.32788,17.40813
2.3,2.3,78.32788,17.40813
2.3,2.3,78.32788,17.40813
2.3,2.3,78.32788,17.40813
2.3,2.3,78.32788,17.40813
2.3,2.3,78.32788,17.40813
2.3,2.3,78.32788,17.40813
2.3,2.3,78.32788,17.40813
2.3,2.3,78.32788,17.40813
2.3,2.3,78.32788,17.40813
2.3,2.3,78.32788,17.40813
2.4,2.33,78.3275,17.40879
2.5,2.33,78.3275,17.40879
2.85,2.7,78.32433,17.40976
3,2.7,78.32433,17.40976
3,2.7,78.32433,17.40976
3.1,2.7,78.32433,17.40976
3.1,2.7,78.32433,17.40976
3.3,3.75,78.31471,17.41195
3.4,3.75,78.31471,17.41195
3.5,3.75,78.31471,17.41195
3.55,3.75,78.31471,17.41195
3.6,3.75,78.31471,17.41195
3.6,3.75,78.31471,17.41195
3.65,3.75,78.31471,17.41195
3.8,3.75,78.31471,17.41195
4,3.9,78.31346,17.41211
4,3.9,78.31346,17.41211
4,3.9,78.31346,17.41211
4,3.9,78.31346,17.41211
4,3.9,78.31346,17.41211
4.05,3.9,78.31346,17.41211
4.1,3.9,78.31346,17.41211
4.1,3.9,78.31346,17.41211
4.15,3.9,78.31346,17.41211
4.35,3.9,78.31346,17.41211
4.5,4.83,78.30479,17.41275
4.7,4.83,78.30479,17.41275
4.8,4.83,78.30479,17.41275
4.83,4.83,78.30479,17.41275
4.85,4.83,78.30479,17.41275
5,4.83,78.30479,17.41275
5,4.83,78.30479,17.41275
5.2,4.83,78.30479,17.41275
5.4,5.85,78.29526,17.41292
5.4,5.85,78.29526,17.41292
5.55,5.85,78.29526,17.41292
5.67,5.85,78.29526,17.41292
5.7,5.85,78.29526,17.41292
5.7,5.85,78.29526,17.41292
5.85,5.85,78.29526,17.41292
6,5.85,78.29526,17.41292
6,5.85,78.29526,17.41292
6,5.85,78.29526,17.41292
6.3,5.85,78.29526,17.41292
6.3,5.85,78.29526,17.41292
6.4,6.9,78.28568,17.41543
6.5,6.9,78.28568,17.41543
6.5,6.9,78.28568,17.41543
6.5,6.9,78.28568,17.41543
6.5,6.9,78.28568,17.41543
6.7,6.9,78.28568,17.41543
6.9,6.9,78.28568,17.41543
7,6.9,78.28568,17.41543
7,6.9,78.28568,17.41543
7,6.9,78.28568,17.41543
7,6.9,78.28568,17.41543
7.1,6.9,78.28568,17.41543
7.3,6.9,78.28568,17.41543
7.5,7.98,78.27647,17.41867
7.5,7.98,78.27647,17.41867
7.5,7.98,78.27647,17.41867
7.8,7.98,78.27647,17.41867
7.9,7.98,78.27647,17.41867
7.9,7.98,78.27647,17.41867
7.98,7.98,78.27647,17.41867
7.98,7.98,78.27647,17.41867
8,7.98,78.27647,17.41867
8,7.98,78.27647,17.41867
8.5,9,78.26772,17.42269
8.5,9,78.26772,17.42269
8.6,9,78.26772,17.42269
8.65,9,78.26772,17.42269
8.9,9,78.26772,17.42269
8.95,9,78.26772,17.42269
9,9,78.26772,17.42269
9,9,78.26772,17.42269
9,9,78.26772,17.42269
9,9,78.26772,17.42269
9,9,78.26772,17.42269
9,9,78.26772,17.42269
9,9,78.26772,17.42269
9,9,78.26772,17.42269
9.1,9,78.26772,17.42269
9.2,9,78.26772,17.42269
9.3,9,78.26772,17.42269
9.5,9,78.26772,17.42269
9.5,9,78.26772,17.42269
9.5,9,78.26772,17.42269
9.6,10.05,78.26349,17.4307
9.6,10.05,78.26349,17.4307
10,10.05,78.26349,17.4307
10,10.05,78.26349,17.4307
10.05,10.05,78.26349,17.4307
10.45,10.05,78.26349,17.4307
10.5,10.05,78.26349,17.4307
10.5,10.05,78.26349,17.4307
10.5,10.05,78.26349,17.4307
10.5,10.05,78.26349,17.4307
10.5,10.05,78.26349,17.4307
10.7,11.1,78.25941,17.43985
10.8,11.1,78.25941,17.43985
10.95,11.1,78.25941,17.43985
11,11.1,78.25941,17.43985
11,11.1,78.25941,17.43985
11,11.1,78.25941,17.43985
11,11.1,78.25941,17.43985
11.1,11.1,78.25941,17.43985
11.15,11.1,78.25941,17.43985
11.15,11.1,78.25941,17.43985
11.5,11.1,78.25941,17.43985
11.5,11.1,78.25941,17.43985
11.5,11.1,78.25941,17.43985
11.8,12,78.25594,17.44728
12,12,78.25594,17.44728
12,12,78.25594,17.44728
12,12,78.25594,17.44728
12,12,78.25594,17.44728
12,12,78.25594,17.44728
12,12,78.25594,17.44728
12,12,78.25594,17.44728
12.1,12.15,78.25559,17.44727
12.15,12.15,78.25559,17.44727
12.3,12.15,78.25559,17.44727
12.3,12.15,78.25559,17.44727
12.5,12.15,78.25559,17.44727
12.5,12.15,78.25559,17.44727
12.5,12.15,78.25559,17.44727
12.5,12.15,78.25559,17.44727
12.5,12.15,78.25559,17.44727
12.5,12.15,78.25559,17.44727
12.5,12.15,78.25559,17.44727
12.8,13,78.25218,17.45556
12.9,13,78.25218,17.45556
13,13,78.25218,17.45556
13,13,78.25218,17.45556
13,13,78.25218,17.45556
13,13,78.25218,17.45556
13,13,78.25218,17.45556
13.1,13,78.25218,17.45556
13.1,13,78.25218,17.45556
13.2,13,78.25218,17.45556
13.4,13.54,78.25,17.45983
13.5,13.54,78.25,17.45983
13.5,13.54,78.25,17.45983
13.6,13.6,78.25027,17.46044
13.6,13.6,78.25027,17.46044
13.6,13.6,78.25027,17.46044
13.6,13.6,78.25027,17.46044
13.6,13.6,78.25027,17.46044
13.6,13.6,78.25027,17.46044
13.6,13.6,78.25027,17.46044
13.6,13.6,78.25027,17.46044
13.6,13.6,78.25027,17.46044
13.6,13.6,78.25027,17.46044
13.6,13.6,78.25027,17.46044
13.6,13.6,78.25027,17.46044
13.6,13.6,78.25027,17.46044
13.6,13.6,78.25027,17.46044
13.9,14,78.24957,17.4642
13.9,14,78.24957,17.4642
13.9,14,78.24957,17.4642
13.9,14,78.24957,17.4642
13.9,14,78.24957,17.4642
13.9,14,78.24957,17.4642
13.9,14,78.24957,17.4642
14,14,78.24957,17.4642
14,14,78.24957,17.4642
14,14,78.24957,17.4642
14.22,14.22,78.24894,17.46599
14.22,14.22,78.24894,17.46599
14.22,14.22,78.24894,17.46599
14.22,14.22,78.24894,17.46599
14.22,14.22,78.24894,17.46599
14.22,14.22,78.24894,17.46599
14.22,14.22,78.24894,17.46599
14.22,14.22,78.24894,17.46599
14.22,14.22,78.24894,17.46599
14.22,14.22,78.24894,17.46599
14.22,14.22,78.24894,17.46599
14.22,14.22,78.24894,17.46599
14.22,14.22,78.24894,17.46599
14.22,14.22,78.24894,17.46599
14.22,14.22,78.24894,17.46599
14.22,14.22,78.24894,17.46599
14.22,14.22,78.24894,17.46599
14.3,14.275,78.24934,17.4664
14.5,14.275,78.24934,17.4664
14.5,14.275,78.24934,17.4664
14.6,14.275,78.24934,17.4664
14.6,14.275,78.24934,17.4664
15,15,78.24817,17.47331
15,15,78.24817,17.47331
15.1,15,78.24817,17.47331
15.4,15,78.24817,17.47331
15.5,15.8,78.24707,17.48015
15.5,15.8,78.24707,17.48015
15.5,15.8,78.24707,17.48015
15.9,15.8,78.24707,17.48015
16,16,78.24678,17.48201
16,16,78.24678,17.48201
16,16,78.24678,17.48201
16.05,16,78.24678,17.48201
16.3,16,78.24678,17.48201
16.4,16,78.24678,17.48201
16.4,16,78.24678,17.48201
16.5,16,78.24678,17.48201
16.5,16,78.24678,17.48201
16.5,16,78.24678,17.48201
16.5,16,78.24678,17.48201
16.5,16,78.24678,17.48201
17,17,78.24552,17.49098
17,17,78.24552,17.49098
17,17,78.24552,17.49098
17.1,17,78.24552,17.49098
17.3,17,78.24552,17.49098
17.5,17,78.24552,17.49098
17.5,17,78.24552,17.49098
17.5,17,78.24552,17.49098
17.7,18,78.24412,17.49993
17.7,18,78.24412,17.49993
17.8,18,78.24412,17.49993
17.8,18,78.24412,17.49993
17.85,18,78.24412,17.49993
17.9,18,78.24412,17.49993
17.9,18,78.24412,17.49993
17.95,18,78.24412,17.49993
17.95,18,78.24412,17.49993
17.95,18,78.24412,17.49993
18,18,78.24412,17.49993
18.2,18,78.24412,17.49993
18.2,18,78.24412,17.49993
18.3,18,78.24412,17.49993
18.4,18,78.24412,17.49993
18.5,18,78.24412,17.49993
18.8,19,78.24196,17.50871
18.9,19,78.24196,17.50871
18.9,19,78.24196,17.50871
19,19,78.24196,17.50871
19,19,78.24196,17.50871
19,19,78.24196,17.50871
19.2,19,78.24196,17.50871
19.2,19,78.24196,17.50871
19.3,19,78.24196,17.50871
19.4,19,78.24196,17.50871
19.8,20,78.23895,17.5173
20,20,78.23895,17.5173
20,20,78.23895,17.5173
20.1,20,78.23895,17.5173
20.1,20,78.23895,17.5173
20.2,20,78.23895,17.5173
20.5,20.5,78.23698,17.52133
20.5,20.5,78.23698,17.52133
20.6,20.5,78.23698,17.52133
20.7,20.5,78.23698,17.52133
21,21,78.23563,17.52575
21,21,78.23563,17.52575
21,21,78.23563,17.52575
21,21,78.23563,17.52575
21,21,78.23563,17.52575
21,21,78.23563,17.52575
21,21,78.23563,17.52575
21,21,78.23563,17.52575
21,21,78.23563,17.52575
21,21,78.23563,17.52575
21.1,21,78.23563,17.52575
21.1,21,78.23563,17.52575
21.3,21,78.23563,17.52575
21.4,21,78.23563,17.52575
21.5,21,78.23563,17.52575
21.5,21,78.23563,17.52575
21.5,21,78.23563,17.52575
21.5,21,78.23563,17.52575
21.5,21,78.23563,17.52575
21.8,22,78.23528,17.53452
21.8,22,78.23528,17.53452
21.95,22,78.23528,17.53452
22,22,78.23528,17.53452
22,22,78.23528,17.53452
22,22,78.23528,17.53452
22,22,78.23528,17.53452
22.025,22.025,78.23465,17.53412
22.05,22.025,78.23465,17.53412
22.1,22.025,78.23465,17.53412
22.2,22.2,78.23725,17.53813
22.2,22.2,78.23725,17.53813
22.2,22.2,78.23725,17.53813
22.2,22.2,78.23725,17.53813
22.2,22.2,78.23725,17.53813
22.2,22.2,78.23725,17.53813
22.25,22.25,78.23687,17.53777
22.25,22.25,78.23687,17.53777
22.25,22.25,78.23687,17.53777
22.25,22.25,78.23687,17.53777
22.25,22.25,78.23687,17.53777
22.25,22.25,78.23687,17.53777
22.25,22.25,78.23687,17.53777
22.25,22.25,78.23687,17.53777
22.25,22.25,78.23687,17.53777
22.25,22.25,78.23687,17.53777
22.25,22.25,78.23687,17.53777
22.25,22.25,78.23687,17.53777
22.25,22.25,78.23687,17.53777
22.25,22.25,78.23687,17.53777
22.25,22.25,78.23687,17.53777
22.25,22.25,78.23687,17.53777
22.25,22.25,78.23687,17.53777
22.25,22.25,78.23687,17.53777
22.25,22.25,78.23687,17.53777
22.25,22.25,78.23687,17.53777
22.25,22.25,78.23687,17.53777
22.25,22.25,78.23687,17.53777
22.25,22.25,78.23687,17.53777
22.3,22.3,78.23641,17.53771
22.3,22.3,78.23641,17.53771
22.3,22.3,78.23641,17.53771
22.3,22.3,78.23641,17.53771
22.3,22.3,78.23641,17.53771
22.3,22.3,78.23641,17.53771
22.3,22.3,78.23641,17.53771
22.3,22.3,78.23641,17.53771
22.3,22.3,78.23641,17.53771
22.3,22.3,78.23641,17.53771
22.3,22.3,78.23641,17.53771
22.3,22.3,78.23641,17.53771
22.3,22.3,78.23641,17.53771
22.3,22.3,78.23641,17.53771
22.3,22.3,78.23641,17.53771
22.3,22.3,78.23641,17.53771
22.3,22.3,78.23641,17.53771
22.3,22.3,78.23641,17.53771
22.3,22.3,78.23641,17.53771
22.35,22.3,78.23641,17.53771
22.45,22.465,78.238,17.53798
22.45,22.465,78.238,17.53798
22.5,22.465,78.238,17.53798
22.5,22.465,78.238,17.53798
22.5,22.465,78.238,17.53798
22.5,22.465,78.238,17.53798
22.5,22.465,78.238,17.53798
22.5,22.465,78.238,17.53798
22.5,22.465,78.238,17.53798
22.5,22.465,78.238,17.53798
22.88,23,78.24071,17.5414
23,23,78.24071,17.5414
23,23,78.24071,17.5414
23,23,78.24071,17.5414
23,23,78.24071,17.5414
23,23,78.24071,17.5414
23.1,23,78.24071,17.5414
23.1,23,78.24071,17.5414
23.1,23,78.24071,17.5414
23.25,23,78.24071,17.5414
23.3,23,78.24071,17.5414
23.3,23,78.24071,17.5414
23.4,23,78.24071,17.5414
23.4,23,78.24071,17.5414
23.5,23.85,78.2482,17.54383
23.5,23.85,78.2482,17.54383
23.5,23.85,78.2482,17.54383
23.6,23.85,78.2482,17.54383
23.6,23.85,78.2482,17.54383
23.6,23.85,78.2482,17.54383
23.7,23.85,78.2482,17.54383
23.85,23.85,78.2482,17.54383
24,23.9,78.24949,17.54408
24,23.9,78.24949,17.54408
24.4,24.85,78.25734,17.54557
24.5,24.85,78.25734,17.54557
24.5,24.85,78.25734,17.54557
24.8,24.85,78.25734,17.54557
24.85,24.85,78.25734,17.54557
24.85,24.85,78.25734,17.54557
24.9,24.85,78.25734,17.54557
24.98,24.85,78.25734,17.54557
25,24.85,78.25734,17.54557
25,24.85,78.25734,17.54557
25.3,24.85,78.25734,17.54557
25.3,24.85,78.25734,17.54557
25.4,25.85,78.2666,17.5474
25.5,25.85,78.2666,17.5474
25.6,25.85,78.2666,17.5474
25.7,25.85,78.2666,17.5474
25.75,25.85,78.2666,17.5474
25.85,25.85,78.2666,17.5474
25.85,25.85,78.2666,17.5474
25.95,25.85,78.2666,17.5474
26,25.85,78.2666,17.5474
26,25.85,78.2666,17.5474
26.1,25.85,78.2666,17.5474
26.5,26.76,78.27492,17.54945
26.5,26.76,78.27492,17.54945
26.5,26.76,78.27492,17.54945
26.5,26.76,78.27492,17.54945
26.5,26.76,78.27492,17.54945
26.76,26.76,78.27492,17.54945
26.8,26.76,78.27492,17.54945
26.85,26.76,78.27492,17.54945
26.9,26.76,78.27492,17.54945
27,26.76,78.27492,17.54945
27,26.76,78.27492,17.54945
27,26.76,78.27492,17.54945
27,26.76,78.27492,17.54945
27,26.76,78.27492,17.54945
27,26.76,78.27492,17.54945
27.1,26.76,78.27492,17.54945
27.1,26.76,78.27492,17.54945
27.2,26.76,78.27492,17.54945
27.2,26.76,78.27492,17.54945
27.3,27.65,78.28308,17.55083
27.4,27.65,78.28308,17.55083
27.4,27.65,78.28308,17.55083
27.5,27.65,78.28308,17.55083
27.6,27.65,78.28308,17.55083
27.6,27.65,78.28308,17.55083
27.65,27.65,78.28308,17.55083
27.65,27.65,78.28308,17.55083
27.65,27.65,78.28308,17.55083
27.95,27.65,78.28308,17.55083
28,27.65,78.28308,17.55083
28.3,28.55,78.29167,17.55172
28.5,28.55,78.29167,17.55172
28.5,28.55,78.29167,17.55172
28.55,28.55,78.29167,17.55172
28.55,28.55,78.29167,17.55172
29,29.1,78.29676,17.5526
29,29.1,78.29676,17.5526
29.1,29.1,78.29676,17.5526
29.6,29.42,78.29988,17.55294
30,30.3,78.30699,17.55674
30,30.3,78.30699,17.55674
30,30.3,78.30699,17.55674
30,30.3,78.30699,17.55674
30.2,30.3,78.30699,17.55674
30.2,30.3,78.30699,17.55674
30.3,30.3,78.30699,17.55674
30.3,30.3,78.30699,17.55674
30.3,30.3,78.30699,17.55674
30.5,30.63,78.3094,17.55844
30.5,30.63,78.3094,17.55844
30.5,30.63,78.3094,17.55844
30.55,30.63,78.3094,17.55844
30.65,30.63,78.3094,17.55844
30.7,30.7,78.31014,17.55811
30.7,30.7,78.31014,17.55811
30.7,30.7,78.31014,17.55811
30.7,30.7,78.31014,17.55811
30.7,30.7,78.31014,17.55811
30.7,30.7,78.31014,17.55811
30.7,30.7,78.31014,17.55811
30.7,30.7,78.31014,17.55811
30.7,30.7,78.31014,17.55811
30.7,30.7,78.31014,17.55811
30.7,30.7,78.31014,17.55811
30.7,30.7,78.31014,17.55811
31,30.79,78.31117,17.55823
31,30.79,78.31117,17.55823
31,30.79,78.31117,17.55823
31,30.79,78.31117,17.55823
31,30.79,78.31117,17.55823
31,30.79,78.31117,17.55823
31,30.79,78.31117,17.55823
31,30.79,78.31117,17.55823
31,30.79,78.31117,17.55823
31,30.79,78.31117,17.55823
31,30.79,78.31117,17.55823
31,30.79,78.31117,17.55823
31,30.79,78.31117,17.55823
31,30.79,78.31117,17.55823
31.1,31.32,78.31596,17.55785
31.1,31.32,78.31596,17.55785
31.32,31.32,78.31596,17.55785
31.32,31.32,78.31596,17.55785
31.32,31.32,78.31596,17.55785
31.32,31.32,78.31596,17.55785
31.32,31.32,78.31596,17.55785
31.32,31.32,78.31596,17.55785
31.32,31.32,78.31596,17.55785
31.32,31.32,78.31596,17.55785
31.5,31.375,78.31649,17.5573
31.8,31.7,78.31971,17.5569
31.9,31.7,78.31971,17.5569
32,31.7,78.31971,17.5569
32,31.7,78.31971,17.5569
32,31.7,78.31971,17.5569
32,31.7,78.31971,17.5569
32.1,31.7,78.31971,17.5569
32.1,31.7,78.31971,17.5569
32.15,31.7,78.31971,17.5569
32.3,32.7,78.32853,17.55975
32.5,32.7,78.32853,17.55975
32.7,32.7,78.32853,17.55975
32.7,32.7,78.32853,17.55975
32.75,32.75,78.32985,17.56027
33,32.75,78.32985,17.56027
33,32.75,78.32985,17.56027
33,32.75,78.32985,17.56027
33,32.75,78.32985,17.56027
33.06,32.75,78.32985,17.56027
33.3,33.7,78.3377,17.56161
33.5,33.7,78.3377,17.56161
33.5,33.7,78.3377,17.56161
34,33.7,78.3377,17.56161
34,33.7,78.3377,17.56161
34,33.7,78.3377,17.56161
34,33.7,78.3377,17.56161
34.5,34.7,78.34691,17.56171
34.5,34.7,78.34691,17.56171
34.6,34.7,78.34691,17.56171
34.7,34.7,78.34691,17.56171
34.7,34.7,78.34691,17.56171
34.7,34.7,78.34691,17.56171
34.8,34.7,78.34691,17.56171
35,34.7,78.34691,17.56171
35,34.7,78.34691,17.56171
35,34.7,78.34691,17.56171
35,34.7,78.34691,17.56171
35,34.7,78.34691,17.56171
35,34.7,78.34691,17.56171
35,34.7,78.34691,17.56171
35.2,34.7,78.34691,17.56171
35.2,34.7,78.34691,17.56171
35.2,34.7,78.34691,17.56171
35.3,35.7,78.35654,17.56169
35.4,35.7,78.35654,17.56169
35.6,35.7,78.35654,17.56169
36,35.7,78.35654,17.56169
36,35.7,78.35654,17.56169
36,35.7,78.35654,17.56169
36.25,36.7,78.36598,17.56125
36.4,36.7,78.36598,17.56125
36.5,36.7,78.36598,17.56125
36.5,36.7,78.36598,17.56125
36.5,36.7,78.36598,17.56125
36.65,36.7,78.36598,17.56125
36.7,36.7,78.36598,17.56125
36.7,36.7,78.36598,17.56125
36.7,36.7,78.36598,17.56125
36.85,36.7,78.36598,17.56125
37,36.7,78.36598,17.56125
37,36.7,78.36598,17.56125
37,36.7,78.36598,17.56125
37,36.7,78.36598,17.56125
37,36.7,78.36598,17.56125
37.7,37.7,78.37533,17.56082
37.8,37.7,78.37533,17.56082
37.8,37.7,78.37533,17.56082
37.9,37.7,78.37533,17.56082
37.95,37.7,78.37533,17.56082
38,37.7,78.37533,17.56082
38,37.7,78.37533,17.56082
38,37.7,78.37533,17.56082
38,37.7,78.37533,17.56082
38,37.7,78.37533,17.56082
38,37.7,78.37533,17.56082
38,37.7,78.37533,17.56082
38.3,38.7,78.38187,17.56707
38.3,38.7,78.38187,17.56707
38.5,38.7,78.38187,17.56707
38.5,38.7,78.38187,17.56707
38.5,38.7,78.38187,17.56707
38.5,38.7,78.38187,17.56707
38.5,38.7,78.38187,17.56707
38.5,38.7,78.38187,17.56707
38.5,38.7,78.38187,17.56707
38.6,38.7,78.38187,17.56707
38.7,38.7,78.38187,17.56707
39,38.7,78.38187,17.56707
39,38.7,78.38187,17.56707
39,38.7,78.38187,17.56707
39,38.7,78.38187,17.56707
39,38.7,78.38187,17.56707
39,38.7,78.38187,17.56707
39,38.7,78.38187,17.56707
39,38.7,78.38187,17.56707
39.1,38.7,78.38187,17.56707
39.1,38.7,78.38187,17.56707
39.2,38.7,78.38187,17.56707
39.5,39.7,78.38657,17.57486
39.5,39.7,78.38657,17.57486
39.5,39.7,78.38657,17.57486
39.7,39.7,78.38657,17.57486
39.8,39.7,78.38657,17.57486
39.95,39.7,78.38657,17.57486
40,39.7,78.38657,17.57486
40,39.7,78.38657,17.57486
40,39.7,78.38657,17.57486
40,39.7,78.38657,17.57486
40,39.7,78.38657,17.57486
40,39.7,78.38657,17.57486
40.3,40.75,78.39324,17.5812
40.3,40.75,78.39324,17.5812
40.5,40.75,78.39324,17.5812
40.8,40.75,78.39324,17.5812
40.8,40.75,78.39324,17.5812
41,40.75,78.39324,17.5812
41,40.75,78.39324,17.5812
41,40.75,78.39324,17.5812
41,40.75,78.39324,17.5812
41,40.75,78.39324,17.5812
41.2,41.4,78.398,17.58559
41.4,41.4,78.398,17.58559
41.6,41.6,78.39967,17.58644
41.6,41.6,78.39967,17.58644
41.6,41.6,78.39967,17.58644
41.9,41.6,78.39967,17.58644
42,41.6,78.39967,17.58644
42,41.6,78.39967,17.58644
42,41.6,78.39967,17.58644
42,41.6,78.39967,17.58644
42,41.6,78.39967,17.58644
42,41.6,78.39967,17.58644
42,41.6,78.39967,17.58644
42,41.6,78.39967,17.58644
42,41.6,78.39967,17.58644
42,41.6,78.39967,17.58644
42.1,42.5,78.40632,17.59155
42.1,42.5,78.40632,17.59155
42.2,42.5,78.40632,17.59155
42.3,42.5,78.40632,17.59155
42.4,42.5,78.40632,17.59155
42.5,42.5,78.40632,17.59155
42.5,42.5,78.40632,17.59155
42.7,42.77,78.40843,17.59291
42.77,42.77,78.40843,17.59291
42.77,42.77,78.40843,17.59291
42.77,42.77,78.40843,17.59291
42.77,42.77,78.40843,17.59291
42.77,42.77,78.40843,17.59291
42.77,42.77,78.40843,17.59291
42.77,42.77,78.40843,17.59291
42.77,42.77,78.40843,17.59291
42.77,42.77,78.40843,17.59291
42.77,42.77,78.40843,17.59291
42.9,42.8,78.40819,17.59331
42.95,43.05,78.41086,17.59413
42.95,43.05,78.41086,17.59413
42.95,43.05,78.41086,17.59413
43,43.05,78.41086,17.59413
43,43.05,78.41086,17.59413
43,43.05,78.41086,17.59413
43,43.05,78.41086,17.59413
43.05,43.05,78.41086,17.59413
43.05,43.05,78.41086,17.59413
43.05,43.05,78.41086,17.59413
43.05,43.05,78.41086,17.59413
43.05,43.05,78.41086,17.59413
43.05,43.05,78.41086,17.59413
43.05,43.05,78.41086,17.59413
43.05,43.05,78.41086,17.59413
43.05,43.05,78.41086,17.59413
43.05,43.05,78.41086,17.59413
43.05,43.05,78.41086,17.59413
43.05,43.05,78.41086,17.59413
43.05,43.05,78.41086,17.59413
43.05,43.05,78.41086,17.59413
43.05,43.05,78.41086,17.59413
43.05,43.05,78.41086,17.59413
43.05,43.05,78.41086,17.59413
43.05,43.05,78.41086,17.59413
43.05,43.05,78.41086,17.59413
43.25,43.35,78.41313,17.59516
43.3,43.35,78.41313,17.59516
43.35,43.35,78.41313,17.59516
43.35,43.35,78.41313,17.59516
43.35,43.35,78.41313,17.59516
43.35,43.35,78.41313,17.59516
43.5,43.35,78.41313,17.59516
43.9,44.4,78.42235,17.59895
44,44.4,78.42235,17.59895
44,44.4,78.42235,17.59895
44,44.4,78.42235,17.59895
44.05,44.4,78.42235,17.59895
44.1,44.4,78.42235,17.59895
44.4,44.4,78.42235,17.59895
44.5,44.55,78.42365,17.59949
44.6,44.55,78.42365,17.59949
45,44.55,78.42365,17.59949
45.75,45.45,78.43129,17.60279
46,46.5,78.44021,17.60691
46,46.5,78.44021,17.60691
46,46.5,78.44021,17.60691
46,46.5,78.44021,17.60691
46.2,46.5,78.44021,17.60691
46.5,46.5,78.44021,17.60691
46.5,46.5,78.44021,17.60691
46.5,46.5,78.44021,17.60691
46.55,46.5,78.44021,17.60691
46.7,46.5,78.44021,17.60691
47,46.5,78.44021,17.60691
47,46.5,78.44021,17.60691
47,46.5,78.44021,17.60691
47,46.5,78.44021,17.60691
47,46.5,78.44021,17.60691
47.2,47.55,78.4498,17.60735
47.55,47.55,78.4498,17.60735
47.55,47.55,78.4498,17.60735
47.55,47.55,78.4498,17.60735
47.8,47.55,78.4498,17.60735
47.8,47.55,78.4498,17.60735
48,47.55,78.4498,17.60735
48,47.55,78.4498,17.60735
48,47.55,78.4498,17.60735
48,47.55,78.4498,17.60735
48,47.55,78.4498,17.60735
48,47.55,78.4498,17.60735
48.2,48.6,78.45934,17.60585
48.2,48.6,78.45934,17.60585
48.3,48.6,78.45934,17.60585
48.3,48.6,78.45934,17.60585
48.5,48.6,78.45934,17.60585
48.5,48.6,78.45934,17.60585
48.5,48.6,78.45934,17.60585
48.6,48.6,78.45934,17.60585
48.9,48.6,78.45934,17.60585
49,48.6,78.45934,17.60585
49,48.6,78.45934,17.60585
49,48.6,78.45934,17.60585
49,48.6,78.45934,17.60585
49,48.6,78.45934,17.60585
49,48.6,78.45934,17.60585
49.1,48.6,78.45934,17.60585
49.1,48.6,78.45934,17.60585
49.5,49.6,78.46746,17.60456
49.5,49.6,78.46746,17.60456
49.6,49.6,78.46746,17.60456
50,49.6,78.46746,17.60456
50,49.6,78.46746,17.60456
50,49.6,78.46746,17.60456
50,49.6,78.46746,17.60456
50.1,50.4,78.47647,17.60319
50.6,50.6,78.47525,17.60311
50.8,50.6,78.47525,17.60311
50.95,50.6,78.47525,17.60311
51,50.6,78.47525,17.60311
51.1,50.6,78.47525,17.60311
51.1,50.6,78.47525,17.60311
51.4,51.75,78.48884,17.59984
51.4,51.75,78.48884,17.59984
51.5,51.75,78.48884,17.59984
51.5,51.75,78.48884,17.59984
51.75,51.75,78.48884,17.59984
51.75,51.75,78.48884,17.59984
51.75,51.75,78.48884,17.59984
51.75,51.75,78.48884,17.59984
51.75,51.75,78.48884,17.59984
51.75,51.75,78.48884,17.59984
51.75,51.75,78.48884,17.59984
51.75,51.75,78.48884,17.59984
51.8,51.75,78.48884,17.59984
51.8,51.75,78.48884,17.59984
51.8,51.75,78.48884,17.59984
51.8,51.75,78.48884,17.59984
51.85,51.85,78.48992,17.60002
51.9,51.85,78.48992,17.60002
51.9,51.85,78.48992,17.60002
51.9,51.85,78.48992,17.60002
51.95,51.97,78.49055,17.59946
52,51.97,78.49055,17.59946
52,51.97,78.49055,17.59946
52,51.97,78.49055,17.59946
52,51.97,78.49055,17.59946
52,51.97,78.49055,17.59946
52,51.97,78.49055,17.59946
52,51.97,78.49055,17.59946
52,51.97,78.49055,17.59946
52,51.97,78.49055,17.59946
52,51.97,78.49055,17.59946
52,51.97,78.49055,17.59946
52,51.97,78.49055,17.59946
52,51.97,78.49055,17.59946
52,51.97,78.49055,17.59946
52,51.97,78.49055,17.59946
52,51.97,78.49055,17.59946
52,51.97,78.49055,17.59946
52.05,52.05,78.49203,17.59902
52.05,52.05,78.49203,17.59902
52.05,52.05,78.49203,17.59902
52.05,52.05,78.49203,17.59902
52.05,52.05,78.49203,17.59902
52.05,52.05,78.49203,17.59902
52.05,52.05,78.49203,17.59902
52.05,52.05,78.49203,17.59902
52.05,52.05,78.49203,17.59902
52.1,52.05,78.49203,17.59902
52.2,52.2,78.49271,17.59378
52.2,52.2,78.49271,17.59378
52.2,52.2,78.49271,17.59378
52.5,52.2,78.49271,17.59378
52.5,52.2,78.49271,17.59378
52.5,52.2,78.49271,17.59378
52.5,52.2,78.49271,17.59378
52.5,52.2,78.49271,17.59378
52.55,52.2,78.49271,17.59378
52.6,52.9,78.49891,17.59695
52.85,52.9,78.49891,17.59695
53,52.9,78.49891,17.59695
53,52.9,78.49891,17.59695
53.1,53.1,78.50687,17.59388
53.1,53.1,78.50687,17.59388
53.1,53.1,78.50687,17.59388
53.1,53.1,78.50687,17.59388
53.3,53.1,78.50687,17.59388
53.5,53.1,78.50687,17.59388
53.7,53.9,78.50775,17.59376
53.7,53.9,78.50775,17.59376
53.8,53.9,78.50775,17.59376
53.85,53.9,78.50775,17.59376
53.9,53.9,78.50775,17.59376
54,53.9,78.50775,17.59376
54,53.9,78.50775,17.59376
54,53.9,78.50775,17.59376
54,53.9,78.50775,17.59376
54,53.9,78.50775,17.59376
54,53.9,78.50775,17.59376
54.1,53.9,78.50775,17.59376
54.2,53.9,78.50775,17.59376
54.5,54.9,78.51698,17.59244
54.5,54.9,78.51698,17.59244
54.8,54.9,78.51698,17.59244
54.9,54.9,78.51698,17.59244
55,54.9,78.51698,17.59244
55,54.9,78.51698,17.59244
55,54.9,78.51698,17.59244
55,54.9,78.51698,17.59244
55.1,54.9,78.51698,17.59244
55.15,54.9,78.51698,17.59244
55.3,54.9,78.51698,17.59244
55.5,55.9,78.52627,17.5911
55.5,55.9,78.52627,17.5911
55.65,55.9,78.52627,17.5911
55.8,55.9,78.52627,17.5911
55.8,55.9,78.52627,17.5911
56,55.9,78.52627,17.5911
56,55.9,78.52627,17.5911
56,55.9,78.52627,17.5911
56,55.9,78.52627,17.5911
56,55.9,78.52627,17.5911
56.5,56.9,78.53563,17.58976
56.5,56.9,78.53563,17.58976
56.5,56.9,78.53563,17.58976
56.8,56.9,78.53563,17.58976
57,56.9,78.53563,17.58976
57,56.9,78.53563,17.58976
57,56.9,78.53563,17.58976
57,56.9,78.53563,17.58976
57,56.9,78.53563,17.58976
57,56.9,78.53563,17.58976
57,56.9,78.53563,17.58976
57,56.9,78.53563,17.58976
57.2,56.9,78.53563,17.58976
57.2,56.9,78.53563,17.58976
57.5,57.9,78.54484,17.58802
57.6,57.9,78.54484,17.58802
57.7,57.9,78.54484,17.58802
57.9,57.9,78.54484,17.58802
58,57.9,78.54484,17.58802
58,57.9,78.54484,17.58802
58,57.9,78.54484,17.58802
58,57.9,78.54484,17.58802
58,57.9,78.54484,17.58802
58,57.9,78.54484,17.58802
58.2,57.9,78.54484,17.58802
58.2,57.9,78.54484,17.58802
58.4,57.9,78.54484,17.58802
59,58.9,78.55351,17.58457
59,58.9,78.55351,17.58457
59,58.9,78.55351,17.58457
59,58.9,78.55351,17.58457
59,58.9,78.55351,17.58457
59.1,58.9,78.55351,17.58457
59.5,59.4,78.55815,17.5831
59.8,60,78.5632,17.58065
59.95,60,78.5632,17.58065
59.95,60,78.5632,17.58065
59.95,60,78.5632,17.58065
60,60,78.5632,17.58065
60,60,78.5632,17.58065
60,60,78.5632,17.58065
60,60,78.5632,17.58065
60,60,78.5632,17.58065
60,60,78.5632,17.58065
60,60,78.5632,17.58065
60,60,78.5632,17.58065
60.5,60.72,78.56954,17.57823
60.6,60.72,78.56954,17.57823
60.7,60.72,78.56954,17.57823
60.72,60.72,78.56954,17.57823
60.72,60.72,78.56954,17.57823
60.72,60.72,78.56954,17.57823
60.72,60.72,78.56954,17.57823
60.72,60.72,78.56954,17.57823
60.72,60.72,78.56954,17.57823
60.72,60.72,78.56954,17.57823
60.72,60.72,78.56954,17.57823
60.72,60.72,78.56954,17.57823
60.72,60.72,78.56954,17.57823
60.72,60.72,78.56954,17.57823
60.72,60.72,78.56954,17.57823
60.72,60.72,78.56954,17.57823
60.72,60.72,78.56954,17.57823
60.72,60.72,78.56954,17.57823
60.72,60.72,78.56954,17.57823
60.72,60.72,78.56954,17.57823
60.72,60.72,78.56954,17.57823
60.72,60.72,78.56954,17.57823
60.72,60.72,78.56954,17.57823
60.75,60.72,78.56954,17.57823
60.95,61.025,78.57227,17.5776
60.95,61.025,78.57227,17.5776
61,61.025,78.57227,17.5776
61,61.025,78.57227,17.5776
61,61.025,78.57227,17.5776
61,61.025,78.57227,17.5776
61,61.025,78.57227,17.5776
61,61.025,78.57227,17.5776
61,61.025,78.57227,17.5776
61,61.025,78.57227,17.5776
61,61.025,78.57227,17.5776
61,61.025,78.57227,17.5776
61.05,61.025,78.57227,17.5776
61.1,61.1,78.57146,17.57603
61.1,61.1,78.57146,17.57603
61.1,61.1,78.57146,17.57603
61.1,61.1,78.57146,17.57603
61.1,61.1,78.57146,17.57603
61.1,61.1,78.57146,17.57603
61.1,61.1,78.57146,17.57603
61.1,61.1,78.57146,17.57603
61.1,61.1,78.57146,17.57603
61.1,61.1,78.57146,17.57603
61.1,61.1,78.57146,17.57603
61.1,61.1,78.57146,17.57603
61.1,61.1,78.57146,17.57603
61.1,61.1,78.57146,17.57603
61.1,61.1,78.57146,17.57603
61.1,61.1,78.57146,17.57603
61.1,61.1,78.57146,17.57603
61.1,61.1,78.57146,17.57603
61.1,61.1,78.57146,17.57603
61.3,61.2,78.57357,17.5776
61.3,61.2,78.57357,17.5776
61.4,61.2,78.57357,17.5776
61.45,61.2,78.57357,17.5776
61.8,61.9,78.58098,17.57821
61.9,61.9,78.58098,17.57821
62,61.9,78.58098,17.57821
62,61.9,78.58098,17.57821
62.2,62.3,78.58438,17.5785
62.35,62.3,78.58438,17.5785
62.5,62.3,78.58438,17.5785
62.55,62.3,78.58438,17.5785
62.83,63,78.59077,17.57906
62.9,63,78.59077,17.57906
63,63,78.59077,17.57906
63,63,78.59077,17.57906
63,63,78.59077,17.57906
63,63,78.59077,17.57906
63,63,78.59077,17.57906
63,63,78.59077,17.57906
63.05,63,78.59077,17.57906
63.1,63,78.59077,17.57906
63.2,63,78.59077,17.57906
63.2,63,78.59077,17.57906
63.2,63,78.59077,17.57906
63.3,63,78.59077,17.57906
63.3,63,78.59077,17.57906
63.6,64,78.59961,17.57649
63.8,64,78.59961,17.57649
64,64,78.59961,17.57649
64.15,64,78.59961,17.57649
64.2,64,78.59961,17.57649
64.2,64,78.59961,17.57649
64.4,64,78.59961,17.57649
64.5,64,78.59961,17.57649
64.5,64,78.59961,17.57649
64.5,64,78.59961,17.57649
64.6,65.1,78.60919,17.57256
64.6,65.1,78.60919,17.57256
65,65.1,78.60919,17.57256
65,65.1,78.60919,17.57256
65,65.1,78.60919,17.57256
65,65.1,78.60919,17.57256
65,65.1,78.60919,17.57256
65.1,65.1,78.60919,17.57256
65.1,65.1,78.60919,17.57256
65.1,65.1,78.60919,17.57256
65.1,65.1,78.60919,17.57256
65.3,65.1,78.60919,17.57256
65.4,65.1,78.60919,17.57256
65.5,65.1,78.60919,17.57256
65.5,65.1,78.60919,17.57256
65.55,65.1,78.60919,17.57256
65.7,66,78.61687,17.56939
65.8,66,78.61687,17.56939
65.8,66,78.61687,17.56939
65.9,66,78.61687,17.56939
66,66,78.61687,17.56939
66,66,78.61687,17.56939
66,66,78.61687,17.56939
66.1,66,78.61687,17.56939
66.2,66,78.61687,17.56939
66.25,66,78.61687,17.56939
66.4,66,78.61687,17.56939
66.5,66,78.61687,17.56939
66.5,66,78.61687,17.56939
66.55,67,78.62412,17.56383
66.6,67,78.62412,17.56383
66.6,67,78.62412,17.56383
66.6,67,78.62412,17.56383
66.6,67,78.62412,17.56383
66.75,67,78.62412,17.56383
66.9,67,78.62412,17.56383
67,67,78.62412,17.56383
67,67,78.62412,17.56383
67,67,78.62412,17.56383
67,67,78.62412,17.56383
67,67,78.62412,17.56383
67,67,78.62412,17.56383
67,67,78.62412,17.56383
67,67,78.62412,17.56383
67.2,67,78.62412,17.56383
67.5,67,78.62412,17.56383
67.5,67,78.62412,17.56383
67.55,68,78.62772,17.55573
67.6,68,78.62772,17.55573
67.6,68,78.62772,17.55573
67.72,68,78.62772,17.55573
67.85,68,78.62772,17.55573
67.9,68,78.62772,17.55573
68,68,78.62772,17.55573
68,68,78.62772,17.55573
68,68,78.62772,17.55573
68,68,78.62772,17.55573
68,68,78.62772,17.55573
68,68,78.62772,17.55573
68,68,78.62772,17.55573
68.1,68,78.62772,17.55573
68.1,68,78.62772,17.55573
68.1,68,78.62772,17.55573
68.5,68,78.62772,17.55573
68.5,68,78.62772,17.55573
68.5,68,78.62772,17.55573
68.55,69,78.63001,17.5469
68.6,69,78.63001,17.5469
68.6,69,78.63001,17.5469
68.8,69,78.63001,17.5469
68.9,69,78.63001,17.5469
68.95,69,78.63001,17.5469
69,69,78.63001,17.5469
69,69,78.63001,17.5469
69,69,78.63001,17.5469
69,69,78.63001,17.5469
69.15,69,78.63001,17.5469
69.2,69,78.63001,17.5469
69.25,69,78.63001,17.5469
69.4,69,78.63001,17.5469
69.4,69,78.63001,17.5469
69.5,69,78.63001,17.5469
69.5,69,78.63001,17.5469
69.5,69,78.63001,17.5469
69.6,70,78.63255,17.53761
69.9,70,78.63255,17.53761
70,70,78.63255,17.53761
70,70,78.63255,17.53761
70,70,78.63255,17.53761
70.2,70,78.63255,17.53761
70.3,70,78.63255,17.53761
70.3,70,78.63255,17.53761
70.45,70,78.63255,17.53761
70.45,70,78.63255,17.53761
70.6,71,78.63678,17.53012
70.65,71,78.63678,17.53012
70.65,71,78.63678,17.53012
71,71,78.63678,17.53012
71,71,78.63678,17.53012
71,71,78.63678,17.53012
71,71,78.63678,17.53012
71,71,78.63678,17.53012
71,71,78.63678,17.53012
71.2,71.3,78.63887,17.52805
71.2,71.3,78.63887,17.52805
71.3,71.3,78.63887,17.52805
71.3,71.3,78.63887,17.52805
71.35,71.3,78.63887,17.52805
71.4,71.3,78.63887,17.52805
71.5,71.3,78.63887,17.52805
71.6,71.3,78.63887,17.52805
71.6,71.3,78.63887,17.52805
71.6,71.3,78.63887,17.52805
71.65,72,78.64242,17.52294
71.8,72,78.64242,17.52294
71.9,72,78.64242,17.52294
71.9,72,78.64242,17.52294
71.92,72,78.64242,17.52294
72,72,78.64242,17.52294
72,72,78.64242,17.52294
72,72,78.64242,17.52294
72.1,72,78.64242,17.52294
72.2,72,78.64242,17.52294
72.4,72.6,78.64621,17.51854
72.4,72.6,78.64621,17.51854
72.45,72.6,78.64621,17.51854
72.5,72.6,78.64621,17.51854
72.6,72.6,78.64621,17.51854
72.65,72.65,78.6458,17.51815
72.65,72.65,78.6458,17.51815
72.65,72.65,78.6458,17.51815
72.65,72.65,78.6458,17.51815
72.65,72.65,78.6458,17.51815
72.65,72.65,78.6458,17.51815
72.65,72.65,78.6458,17.51815
72.65,72.65,78.6458,17.51815
72.65,72.65,78.6458,17.51815
72.65,72.65,78.6458,17.51815
72.65,72.65,78.6458,17.51815
72.65,72.65,78.6458,17.51815
72.7,72.65,78.6458,17.51815
72.85,72.65,78.6458,17.51815
72.9,72.65,78.6458,17.51815
72.9,72.65,78.6458,17.51815
72.9,72.65,78.6458,17.51815
73,73.25,78.6484,17.51345
73,73.25,78.6484,17.51345
73,73.25,78.6484,17.51345
73,73.25,78.6484,17.51345
73.2,73.25,78.6484,17.51345
73.25,73.25,78.6484,17.51345
73.3,73.3,78.64905,17.51308
73.3,73.3,78.64905,17.51308
73.3,73.3,78.64905,17.51308
73.3,73.3,78.64905,17.51308
73.3,73.3,78.64905,17.51308
73.3,73.3,78.64905,17.51308
73.3,73.3,78.64905,17.51308
73.3,73.3,78.64905,17.51308
73.3,73.3,78.64905,17.51308
73.3,73.3,78.64905,17.51308
73.3,73.3,78.64905,17.51308
73.6,73.36,78.64897,17.51234
73.7,74,78.65258,17.50772
73.9,74,78.65258,17.50772
74,74,78.65258,17.50772
74,74,78.65258,17.50772
74,74,78.65258,17.50772
74,74,78.65258,17.50772
74.2,74,78.65258,17.50772
74.3,74,78.65258,17.50772
74.3,74,78.65258,17.50772
74.4,74,78.65258,17.50772
74.45,74.85,78.65701,17.50108
74.65,74.85,78.65701,17.50108
74.8,74.85,78.65701,17.50108
74.9,74.85,78.65701,17.50108
75,75,78.6575,17.50008
75,75,78.6575,17.50008
75,75,78.6575,17.50008
75,75,78.6575,17.50008
75.15,75,78.6575,17.50008
75.2,75,78.6575,17.50008
75.25,75,78.6575,17.50008
75.3,75,78.6575,17.50008
75.45,75,78.6575,17.50008
75.8,76,78.66205,17.49218
75.95,76,78.66205,17.49218
76,76,78.66205,17.49218
76,76,78.66205,17.49218
76,76,78.66205,17.49218
76,76,78.66205,17.49218
76,76,78.66205,17.49218
76,76,78.66205,17.49218
76,76,78.66205,17.49218
76,76,78.66205,17.49218
76,76,78.66205,17.49218
76,76,78.66205,17.49218
76.4,76,78.66205,17.49218
76.5,76,78.66205,17.49218
76.5,76,78.66205,17.49218
76.5,76,78.66205,17.49218
76.5,76,78.66205,17.49218
76.9,77,78.6661,17.48407
77,77,78.6661,17.48407
77,77,78.6661,17.48407
77,77,78.6661,17.48407
77,77,78.6661,17.48407
77,77,78.6661,17.48407
77,77,78.6661,17.48407
77,77,78.6661,17.48407
77,77,78.6661,17.48407
77,77,78.6661,17.48407
77.1,77,78.6661,17.48407
77.1,77,78.6661,17.48407
77.1,77,78.6661,17.48407
77.1,77,78.6661,17.48407
77.1,77,78.6661,17.48407
77.1,77,78.6661,17.48407
77.1,77,78.6661,17.48407
77.2,77,78.6661,17.48407
77.3,77,78.6661,17.48407
77.4,77,78.6661,17.48407
77.5,77,78.6661,17.48407
77.5,77,78.6661,17.48407
77.5,77,78.6661,17.48407
77.55,77,78.6661,17.48407
77.6,77,78.6661,17.48407
77.6,77,78.6661,17.48407
77.7,78.25,78.66975,17.4733
77.75,78.25,78.66975,17.4733
77.8,78.25,78.66975,17.4733
78,78.25,78.66975,17.4733
78,78.25,78.66975,17.4733
78,78.25,78.66975,17.4733
78.2,78.25,78.66975,17.4733
78.25,78.25,78.66975,17.4733
78.25,78.25,78.66975,17.4733
78.25,78.25,78.66975,17.4733
78.4,78.25,78.66975,17.4733
78.4,78.25,78.66975,17.4733
78.5,78.25,78.66975,17.4733
78.5,78.25,78.66975,17.4733
78.55,78.25,78.66975,17.4733
78.6,78.25,78.66975,17.4733
78.8,79.25,78.67032,17.46443
78.85,79.25,78.67032,17.46443
78.9,79.25,78.67032,17.46443
78.9,79.25,78.67032,17.46443
78.9,79.25,78.67032,17.46443
79,79.25,78.67032,17.46443
79,79.25,78.67032,17.46443
79,79.25,78.67032,17.46443
79,79.25,78.67032,17.46443
79,79.25,78.67032,17.46443
79.25,79.25,78.67032,17.46443
79.4,79.25,78.67032,17.46443
79.45,79.25,78.67032,17.46443
79.5,79.25,78.67032,17.46443
79.85,80.05,78.66923,17.45726
79.9,80.05,78.66923,17.45726
80,80.05,78.66923,17.45726
80,80.05,78.66923,17.45726
80,80.05,78.66923,17.45726
80,80.05,78.66923,17.45726
80.05,80.05,78.66923,17.45726
80.26,80.05,78.66923,17.45726
80.4,80.05,78.66923,17.45726
80.5,80.05,78.66923,17.45726
80.5,80.05,78.66923,17.45726
80.5,80.05,78.66923,17.45726
80.5,80.05,78.66923,17.45726
80.55,80.05,78.66923,17.45726
80.6,80.05,78.66923,17.45726
80.6,80.05,78.66923,17.45726
80.6,80.05,78.66923,17.45726
81,81.25,78.66761,17.44635
81,81.25,78.66761,17.44635
81.2,81.25,78.66761,17.44635
81.4,81.4,78.66788,17.44487
81.4,81.4,78.66788,17.44487
81.4,81.4,78.66788,17.44487
81.4,81.4,78.66788,17.44487
81.4,81.4,78.66788,17.44487
81.4,81.4,78.66788,17.44487
81.4,81.4,78.66788,17.44487
81.4,81.4,78.66788,17.44487
81.5,81.5,78.66844,17.44435
81.5,81.5,78.66844,17.44435
81.5,81.5,78.66844,17.44435
81.55,81.55,78.66711,17.44179
81.55,81.55,78.66711,17.44179
81.55,81.55,78.66711,17.44179
81.55,81.55,78.66711,17.44179
81.55,81.55,78.66711,17.44179
81.55,81.55,78.66711,17.44179
81.55,81.55,78.66711,17.44179
81.6,81.55,78.66711,17.44179
81.6,81.55,78.66711,17.44179
81.6,81.55,78.66711,17.44179
81.6,81.55,78.66711,17.44179
81.7,81.725,78.66871,17.4421
81.7,81.725,78.66871,17.4421
81.7,81.725,78.66871,17.4421
81.77,81.77,78.66922,17.44203
81.77,81.77,78.66922,17.44203
81.77,81.77,78.66922,17.44203
81.77,81.77,78.66922,17.44203
81.77,81.77,78.66922,17.44203
81.77,81.77,78.66922,17.44203
81.77,81.77,78.66922,17.44203
81.77,81.77,78.66922,17.44203
81.77,81.77,78.66922,17.44203
81.77,81.77,78.66922,17.44203
82,82,78.66989,17.44006
82,82,78.66989,17.44006
82,82,78.66989,17.44006
82,82,78.66989,17.44006
82,82,78.66989,17.44006
82,82,78.66989,17.44006
82,82,78.66989,17.44006
82,82,78.66989,17.44006
82.2,82,78.66989,17.44006
82.5,82,78.66989,17.44006
82.6,83,78.67469,17.43234
82.6,83,78.67469,17.43234
82.7,83,78.67469,17.43234
82.75,83,78.67469,17.43234
83,83,78.67469,17.43234
83,83,78.67469,17.43234
83,83,78.67469,17.43234
83,83,78.67469,17.43234
83,83,78.67469,17.43234
83,83,78.67469,17.43234
83,83,78.67469,17.43234
83,83,78.67469,17.43234
83.2,83.2,78.67437,17.43302
83.2,83.2,78.67437,17.43302
83.2,83.2,78.67437,17.43302
83.3,83.2,78.67437,17.43302
83.3,83.2,78.67437,17.43302
83.4,83.2,78.67437,17.43302
83.55,83.2,78.67437,17.43302
83.6,83.2,78.67437,17.43302
83.6,83.2,78.67437,17.43302
83.8,84,78.67743,17.4238
83.95,84,78.67743,17.4238
84,84,78.67743,17.4238
84,84,78.67743,17.4238
84,84,78.67743,17.4238
84.1,84,78.67743,17.4238
84.25,84,78.67743,17.4238
84.5,84,78.67743,17.4238
84.6,85,78.67974,17.41511
84.7,85,78.67974,17.41511
84.77,85,78.67974,17.41511
84.8,85,78.67974,17.41511
84.9,85,78.67974,17.41511
85,85,78.67974,17.41511
85,85,78.67974,17.41511
85.1,85,78.67974,17.41511
85.7,86,78.6821,17.40628
85.7,86,78.6821,17.40628
86,86,78.6821,17.40628
86,86,78.6821,17.40628
86,86,78.6821,17.40628
86,86,78.6821,17.40628
86,86,78.6821,17.40628
86,86,78.6821,17.40628
86,86,78.6821,17.40628
86,86,78.6821,17.40628
86,86,78.6821,17.40628
86,86,78.6821,17.40628
86,86,78.6821,17.40628
86.2,86,78.6821,17.40628
86.3,86,78.6821,17.40628
86.45,86,78.6821,17.40628
86.6,87,78.68432,17.39749
86.8,87,78.68432,17.39749
86.8,87,78.68432,17.39749
86.8,87,78.68432,17.39749
87,87,78.68432,17.39749
87,87,78.68432,17.39749
87.2,87,78.68432,17.39749
87.2,87,78.68432,17.39749
87.5,87,78.68432,17.39749
87.5,87,78.68432,17.39749
87.9,88,78.68424,17.38848
88,88,78.68424,17.38848
88,88,78.68424,17.38848
88,88,78.68424,17.38848
88.2,88.05,78.68499,17.39145
88.35,88.05,78.68499,17.39145
88.5,88.05,78.68499,17.39145
88.56,89,78.68262,17.37953
88.7,89,78.68262,17.37953
88.8,89,78.68262,17.37953
89,89,78.68262,17.37953
89,89,78.68262,17.37953
89,89,78.68262,17.37953
89,89,78.68262,17.37953
89,89,78.68262,17.37953
89,89,78.68262,17.37953
89,89,78.68262,17.37953
89,89,78.68262,17.37953
89.4,89.4,78.68198,17.37583
89.4,89.4,78.68198,17.37583
89.4,89.4,78.68198,17.37583
89.4,89.4,78.68198,17.37583
89.4,89.4,78.68198,17.37583
89.4,89.4,78.68198,17.37583
89.4,89.4,78.68198,17.37583
89.4,89.4,78.68198,17.37583
89.4,89.4,78.68198,17.37583
89.4,89.4,78.68198,17.37583
89.4,89.4,78.68198,17.37583
89.4,89.4,78.68198,17.37583
89.4,89.4,78.68198,17.37583
89.4,89.4,78.68198,17.37583
89.4,89.4,78.68198,17.37583
89.4,89.4,78.68198,17.37583
89.5,89.4,78.68198,17.37583
89.7,89.75,78.68149,17.37294
89.7,89.75,78.68149,17.37294
89.75,89.75,78.68149,17.37294
89.75,89.75,78.68149,17.37294
89.75,89.75,78.68149,17.37294
89.75,89.75,78.68149,17.37294
89.85,89.75,78.68149,17.37294
90.05,90.05,78.68132,17.36989
90.05,90.05,78.68132,17.36989
90.05,90.05,78.68132,17.36989
90.05,90.05,78.68132,17.36989
90.05,90.05,78.68132,17.36989
90.05,90.05,78.68132,17.36989
90.05,90.05,78.68132,17.36989
90.1,90.14,78.68075,17.36944
90.1,90.14,78.68075,17.36944
90.1,90.14,78.68075,17.36944
90.15,90.14,78.68075,17.36944
90.4,90.5,78.67969,17.36636
90.5,90.5,78.67969,17.36636
90.6,90.5,78.67969,17.36636
90.7,90.5,78.67969,17.36636
91,90.5,78.67969,17.36636
91,90.5,78.67969,17.36636
91,90.5,78.67969,17.36636
91.15,91.55,78.67404,17.35877
91.25,91.55,78.67404,17.35877
91.3,91.55,78.67404,17.35877
91.3,91.55,78.67404,17.35877
91.55,91.55,78.67404,17.35877
91.6,91.6,78.67382,17.35849
91.8,91.6,78.67382,17.35849
92,91.6,78.67382,17.35849
92,91.6,78.67382,17.35849
92.1,91.6,78.67382,17.35849
92.2,92.7,78.66778,17.35062
92.2,92.7,78.66778,17.35062
92.2,92.7,78.66778,17.35062
92.2,92.7,78.66778,17.35062
92.3,92.7,78.66778,17.35062
92.3,92.7,78.66778,17.35062
92.5,92.7,78.66778,17.35062
92.5,92.7,78.66778,17.35062
92.55,92.7,78.66778,17.35062
92.6,92.7,78.66778,17.35062
92.7,92.7,78.66778,17.35062
92.7,92.7,78.66778,17.35062
92.9,92.7,78.66778,17.35062
92.95,92.7,78.66778,17.35062
93,92.7,78.66778,17.35062
93.1,92.7,78.66778,17.35062
93.4,93.8,78.66146,17.34235
93.4,93.8,78.66146,17.34235
93.5,93.8,78.66146,17.34235
93.55,93.8,78.66146,17.34235
93.8,93.8,78.66146,17.34235
93.8,93.8,78.66146,17.34235
93.85,93.8,78.66146,17.34235
93.9,93.8,78.66146,17.34235
94,93.8,78.66146,17.34235
94,93.8,78.66146,17.34235
94.2,93.8,78.66146,17.34235
94.2,93.8,78.66146,17.34235
94.4,94.9,78.6588,17.33303
94.5,94.9,78.6588,17.33303
94.5,94.9,78.6588,17.33303
94.5,94.9,78.6588,17.33303
94.8,94.9,78.6588,17.33303
94.9,94.9,78.6588,17.33303
95,95,78.6584,17.33229
95,95,78.6584,17.33229
95,95,78.6584,17.33229
95,95,78.6584,17.33229
95,95,78.6584,17.33229
95,95,78.6584,17.33229
95,95,78.6584,17.33229
95,95,78.6584,17.33229
95,95,78.6584,17.33229
95,95,78.6584,17.33229
95.1,95,78.6584,17.33229
95.2,95,78.6584,17.33229
95.25,95,78.6584,17.33229
95.35,95,78.6584,17.33229
95.36,95,78.6584,17.33229
95.38,95,78.6584,17.33229
95.4,95,78.6584,17.33229
95.5,95,78.6584,17.33229
95.6,96,78.65821,17.3232
95.8,96,78.65821,17.3232
95.8,96,78.65821,17.3232
95.94,96,78.65821,17.3232
96,96,78.65821,17.3232
96,96,78.65821,17.3232
96,96,78.65821,17.3232
96.2,96.2,78.65821,17.32085
96.2,96.2,78.65821,17.32085
96.2,96.2,78.65821,17.32085
96.2,96.2,78.65821,17.32085
96.2,96.2,78.65821,17.32085
96.2,96.2,78.65821,17.32085
96.2,96.2,78.65821,17.32085
96.2,96.2,78.65821,17.32085
96.2,96.2,78.65821,17.32085
96.2,96.2,78.65821,17.32085
96.2,96.2,78.65821,17.32085
96.2,96.2,78.65821,17.32085
96.2,96.2,78.65821,17.32085
96.35,96.29,78.65863,17.32052
96.35,96.29,78.65863,17.32052
96.4,96.29,78.65863,17.32052
96.4,96.29,78.65863,17.32052
96.4,96.29,78.65863,17.32052
96.4,96.29,78.65863,17.32052
96.4,96.29,78.65863,17.32052
96.5,96.57,78.65827,17.31815
96.5,96.57,78.65827,17.31815
96.5,96.57,78.65827,17.31815
96.5,96.57,78.65827,17.31815
96.5,96.57,78.65827,17.31815
96.57,96.57,78.65827,17.31815
96.57,96.57,78.65827,17.31815
96.57,96.57,78.65827,17.31815
96.57,96.57,78.65827,17.31815
96.57,96.57,78.65827,17.31815
96.57,96.57,78.65827,17.31815
96.57,96.57,78.65827,17.31815
96.57,96.57,78.65827,17.31815
96.57,96.57,78.65827,17.31815
96.57,96.57,78.65827,17.31815
96.57,96.57,78.65827,17.31815
96.57,96.57,78.65827,17.31815
96.57,96.57,78.65827,17.31815
96.57,96.57,78.65827,17.31815
96.57,96.57,78.65827,17.31815
96.57,96.57,78.65827,17.31815
96.57,96.57,78.65827,17.31815
96.57,96.57,78.65827,17.31815
96.57,96.57,78.65827,17.31815
96.57,96.57,78.65827,17.31815
96.57,96.57,78.65827,17.31815
96.57,96.57,78.65827,17.31815
96.63,96.6,78.65778,17.31795
96.65,96.68,78.65949,17.31706
96.65,96.68,78.65949,17.31706
96.65,96.68,78.65949,17.31706
96.65,96.68,78.65949,17.31706
96.65,96.68,78.65949,17.31706
96.65,96.68,78.65949,17.31706
96.65,96.68,78.65949,17.31706
96.65,96.68,78.65949,17.31706
96.65,96.68,78.65949,17.31706
96.65,96.68,78.65949,17.31706
96.65,96.68,78.65949,17.31706
96.65,96.68,78.65949,17.31706
96.65,96.68,78.65949,17.31706
96.65,96.68,78.65949,17.31706
96.65,96.68,78.65949,17.31706
96.8,96.68,78.65949,17.31706
96.9,96.68,78.65949,17.31706
97,97.12,78.65676,17.31312
97,97.12,78.65676,17.31312
97,97.12,78.65676,17.31312
97,97.12,78.65676,17.31312
97,97.12,78.65676,17.31312
97,97.12,78.65676,17.31312
97.2,97.12,78.65676,17.31312
97.4,97.12,78.65676,17.31312
97.76,98,78.65511,17.30547
97.82,98,78.65511,17.30547
98.05,98,78.65511,17.30547
98.1,98.1,78.65461,17.30318
98.12,98.1,78.65461,17.30318
98.2,98.1,78.65461,17.30318
98.6,99,78.65317,17.29664
99,99,78.65317,17.29664
99,99,78.65317,17.29664
99,99,78.65317,17.29664
99.04,99,78.65317,17.29664
99.2,99,78.65317,17.29664
99.5,99,78.65317,17.29664
99.56,100,78.65119,17.28773
99.68,100,78.65119,17.28773
99.72,100,78.65119,17.28773
99.76,100,78.65119,17.28773
100,100,78.65119,17.28773
100,100,78.65119,17.28773
100,100,78.65119,17.28773
100,100,78.65119,17.28773
100,100,78.65119,17.28773
100,100,78.65119,17.28773
100,100,78.65119,17.28773
100,100,78.65119,17.28773
100,100,78.65119,17.28773
100.15,100,78.65119,17.28773
100.36,100,78.65119,17.28773
100.38,100,78.65119,17.28773
100.4,100,78.65119,17.28773
100.46,100,78.65119,17.28773
100.48,100,78.65119,17.28773
100.6,101,78.64668,17.2803
101,101,78.64668,17.2803
101,101,78.64668,17.2803
101.28,101,78.64668,17.2803
101.38,101,78.64668,17.2803
101.46,101,78.64668,17.2803
101.54,102,78.64002,17.27403
101.8,102,78.64002,17.27403
102,102,78.64002,17.27403
102,102,78.64002,17.27403
102,102,78.64002,17.27403
102,102,78.64002,17.27403
102,102,78.64002,17.27403
102,102,78.64002,17.27403
102.1,102,78.64002,17.27403
102.2,102,78.64002,17.27403
102.2,102,78.64002,17.27403
102.32,102,78.64002,17.27403
102.6,103,78.63314,17.26793
102.95,103,78.63314,17.26793
103,103,78.63314,17.26793
103,103,78.63314,17.26793
103.4,103,78.63314,17.26793
103.44,103,78.63314,17.26793
103.5,103,78.63314,17.26793
103.5,103,78.63314,17.26793
103.56,104,78.62553,17.2625
103.8,104,78.62553,17.2625
103.8,104,78.62553,17.2625
103.86,104,78.62553,17.2625
103.98,104,78.62553,17.2625
104,104,78.62553,17.2625
104,104,78.62553,17.2625
104,104,78.62553,17.2625
104,104,78.62553,17.2625
104,104,78.62553,17.2625
104,104,78.62553,17.2625
104,104,78.62553,17.2625
104.2,104,78.62553,17.2625
104.25,104,78.62553,17.2625
104.5,104,78.62553,17.2625
104.58,105,78.61857,17.25649
104.58,105,78.61857,17.25649
104.68,105,78.61857,17.25649
104.8,105,78.61857,17.25649
104.82,105,78.61857,17.25649
105,105,78.61857,17.25649
105,105,78.61857,17.25649
105.43,105,78.61857,17.25649
105.5,105,78.61857,17.25649
105.6,106,78.61121,17.251
105.6,106,78.61121,17.251
105.65,106,78.61121,17.251
106,106,78.61121,17.251
106,106,78.61121,17.251
106.15,106,78.61121,17.251
106.32,106,78.61121,17.251
106.68,107,78.60312,17.24634
106.9,107,78.60312,17.24634
107,107,78.60312,17.24634
107,107,78.60312,17.24634
107,107,78.60312,17.24634
107,107,78.60312,17.24634
107.05,107,78.60312,17.24634
107.1,107,78.60312,17.24634
107.18,107,78.60312,17.24634
107.2,107,78.60312,17.24634
107.5,107.65,78.59839,17.24317
107.5,107.65,78.59839,17.24317
107.5,107.65,78.59839,17.24317
107.5,107.65,78.59839,17.24317
107.8,107.65,78.59839,17.24317
107.96,108,78.59504,17.24164
108,108,78.59504,17.24164
108,108,78.59504,17.24164
108,108,78.59504,17.24164
108,108,78.59504,17.24164
108,108,78.59504,17.24164
108,108,78.59504,17.24164
108,108,78.59504,17.24164
108.2,108,78.59504,17.24164
108.3,108,78.59504,17.24164
108.5,108,78.59504,17.24164
108.5,108,78.59504,17.24164
108.8,109,78.58654,17.23684
108.85,109,78.58654,17.23684
108.9,109,78.58654,17.23684
108.9,109,78.58654,17.23684
108.9,109,78.58654,17.23684
108.9,109,78.58654,17.23684
108.9,109,78.58654,17.23684
108.9,109,78.58654,17.23684
108.9,109,78.58654,17.23684
109,109,78.58654,17.23684
109,109,78.58654,17.23684
109,109,78.58654,17.23684
109,109,78.58654,17.23684
109.25,109.25,78.58469,17.2357
109.25,109.25,78.58469,17.2357
109.25,109.25,78.58469,17.2357
109.25,109.25,78.58469,17.2357
109.25,109.25,78.58469,17.2357
109.25,109.25,78.58469,17.2357
109.25,109.25,78.58469,17.2357
109.25,109.25,78.58469,17.2357
109.25,109.25,78.58469,17.2357
109.25,109.25,78.58469,17.2357
109.25,109.25,78.58469,17.2357
109.25,109.25,78.58469,17.2357
109.25,109.25,78.58469,17.2357
109.25,109.25,78.58469,17.2357
109.25,109.25,78.58469,17.2357
109.3,109.25,78.58469,17.2357
109.5,109.64,78.58196,17.2342
109.5,109.64,78.58196,17.2342
109.6,109.64,78.58196,17.2342
109.65,109.64,78.58196,17.2342
110,110,78.57827,17.23207
110,110,78.57827,17.23207
110.1,110,78.57827,17.23207
110.55,111,78.57077,17.228
111,111,78.57077,17.228
111,111,78.57077,17.228
111,111,78.57077,17.228
111,111,78.57077,17.228
111,111,78.57077,17.228
111,111,78.57077,17.228
111.1,111.1,78.56981,17.2275
111.2,111.1,78.56981,17.2275
111.5,111.1,78.56981,17.2275
111.5,111.1,78.56981,17.2275
112,112,78.5627,17.22402
112,112,78.5627,17.22402
112,112,78.5627,17.22402
112,112,78.5627,17.22402
112,112,78.5627,17.22402
112,112,78.5627,17.22402
112,112,78.5627,17.22402
112.15,112,78.5627,17.22402
112.5,112,78.5627,17.22402
112.5,112,78.5627,17.22402
112.5,112,78.5627,17.22402
112.8,113,78.55366,17.21995
113,113,78.55366,17.21995
113,113,78.55366,17.21995
113,113,78.55366,17.21995
113,113,78.55366,17.21995
113,113,78.55366,17.21995
113.35,113,78.55366,17.21995
113.5,113,78.55366,17.21995
113.8,114,78.54499,17.2164
113.9,114,78.54499,17.2164
114,114,78.54499,17.2164
114,114,78.54499,17.2164
114,114,78.54499,17.2164
114,114,78.54499,17.2164
114,114,78.54499,17.2164
114,114,78.54499,17.2164
114,114,78.54499,17.2164
114,114,78.54499,17.2164
114,114,78.54499,17.2164
114.15,114.05,78.54606,17.21642
114.3,114.05,78.54606,17.21642
114.4,114.05,78.54606,17.21642
114.45,114.05,78.54606,17.21642
114.5,114.05,78.54606,17.21642
114.5,114.05,78.54606,17.21642
115,115,78.53612,17.2142
115.2,115,78.53612,17.2142
115.2,115,78.53612,17.2142
115.5,115.5,78.53149,17.21314
115.5,115.5,78.53149,17.21314
115.5,115.5,78.53149,17.21314
115.5,115.5,78.53149,17.21314
115.5,115.5,78.53149,17.21314
115.5,115.5,78.53149,17.21314
115.5,115.5,78.53149,17.21314
115.5,115.5,78.53149,17.21314
115.5,115.5,78.53149,17.21314
115.5,115.5,78.53149,17.21314
115.5,115.5,78.53149,17.21314
115.5,115.5,78.53149,17.21314
115.5,115.5,78.53149,17.21314
115.5,115.5,78.53149,17.21314
115.6,115.5,78.53149,17.21314
115.7,115.5,78.53149,17.21314
116,116,78.5268,17.21209
116,116,78.5268,17.21209
116,116,78.5268,17.21209
116,116,78.5268,17.21209
116,116,78.5268,17.21209
116,116,78.5268,17.21209
116,116,78.5268,17.21209
116,116,78.5268,17.21209
116.35,116.35,78.52406,17.21111
116.35,116.35,78.52406,17.21111
116.35,116.35,78.52406,17.21111
116.35,116.35,78.52406,17.21111
116.35,116.35,78.52406,17.21111
116.35,116.35,78.52406,17.21111
116.35,116.35,78.52406,17.21111
116.35,116.35,78.52406,17.21111
116.35,116.35,78.52406,17.21111
116.35,116.35,78.52406,17.21111
116.35,116.35,78.52406,17.21111
116.35,116.35,78.52406,17.21111
116.35,116.35,78.52406,17.21111
116.35,116.35,78.52406,17.21111
116.35,116.35,78.52406,17.21111
116.5,116.47,78.52258,17.21123
117,117,78.51769,17.21012
117,117,78.51769,17.21012
117,117,78.51769,17.21012
117,117,78.51769,17.21012
117,117,78.51769,17.21012
117,117,78.51769,17.21012
117,117,78.51769,17.21012
117,117,78.51769,17.21012
117.5,117.9,78.50943,17.20831
118,118,78.50862,17.20812
118,118,78.50862,17.20812
118,118,78.50862,17.20812
118,118,78.50862,17.20812
118,118,78.50862,17.20812
118.3,118,78.50862,17.20812
118.3,118,78.50862,17.20812
118.8,119,78.49952,17.20616
118.9,119,78.49952,17.20616
119,119,78.49952,17.20616
119,119,78.49952,17.20616
119,119,78.49952,17.20616
119,119,78.49952,17.20616
119,119,78.49952,17.20616
119,119,78.49952,17.20616
119,119,78.49952,17.20616
119.1,119,78.49952,17.20616
119.8,119.6,78.49388,17.20464
120,120,78.49025,17.2045
120,120,78.49025,17.2045
120,120,78.49025,17.2045
120,120,78.49025,17.2045
120.5,120,78.49025,17.2045
121,121,78.48086,17.20403
121,121,78.48086,17.20403
121,121,78.48086,17.20403
121,121,78.48086,17.20403
121.15,121.15,78.47904,17.20404
121.15,121.15,78.47904,17.20404
121.15,121.15,78.47904,17.20404
121.15,121.15,78.47904,17.20404
121.15,121.15,78.47904,17.20404
121.15,121.15,78.47904,17.20404
121.15,121.15,78.47904,17.20404
121.15,121.15,78.47904,17.20404
121.15,121.15,78.47904,17.20404
121.15,121.15,78.47904,17.20404
121.15,121.15,78.47904,17.20404
121.15,121.15,78.47904,17.20404
121.15,121.15,78.47904,17.20404
121.5,121.4,78.47639,17.20314
121.5,121.4,78.47639,17.20314
121.5,121.4,78.47639,17.20314
121.5,121.4,78.47639,17.20314
121.5,121.4,78.47639,17.20314
121.5,121.4,78.47639,17.20314
121.5,121.4,78.47639,17.20314
121.5,121.4,78.47639,17.20314
121.5,121.4,78.47639,17.20314
121.8,121.85,78.47333,17.20373
121.8,121.85,78.47333,17.20373
121.85,121.85,78.47333,17.20373
121.85,121.85,78.47333,17.20373
121.85,121.85,78.47333,17.20373
121.85,121.85,78.47333,17.20373
121.85,121.85,78.47333,17.20373
121.85,121.85,78.47333,17.20373
121.85,121.85,78.47333,17.20373
121.85,121.85,78.47333,17.20373
121.85,121.85,78.47333,17.20373
121.85,121.85,78.47333,17.20373
122,122,78.47128,17.20423
122,122,78.47128,17.20423
122,122,78.47128,17.20423
122,122,78.47128,17.20423
122,122,78.47128,17.20423
122,122,78.47128,17.20423
122,122,78.47128,17.20423
122.5,122,78.47128,17.20423
122.5,122,78.47128,17.20423
122.65,123,78.46196,17.20421
122.7,123,78.46196,17.20421
123,123,78.46196,17.20421
123,123,78.46196,17.20421
123,123,78.46196,17.20421
123,123,78.46196,17.20421
123,123,78.46196,17.20421
123,123,78.46196,17.20421
123,123,78.46196,17.20421
123,123,78.46196,17.20421
123,123,78.46196,17.20421
123.2,123,78.46196,17.20421
123.2,123,78.46196,17.20421
123.3,123.4,78.45823,17.20411
123.35,123.4,78.45823,17.20411
123.45,123.4,78.45823,17.20411
123.5,123.4,78.45823,17.20411
123.5,123.4,78.45823,17.20411
124,124,78.45252,17.20397
124,124,78.45252,17.20397
124,124,78.45252,17.20397
124,124,78.45252,17.20397
124,124,78.45252,17.20397
124.2,124,78.45252,17.20397
124.25,124,78.45252,17.20397
124.3,124,78.45252,17.20397
124.5,124,78.45252,17.20397
124.5,124,78.45252,17.20397
124.7,125,78.44313,17.20376
125,125,78.44313,17.20376
125,125,78.44313,17.20376
125,125,78.44313,17.20376
125,125,78.44313,17.20376
125,125,78.44313,17.20376
125,125,78.44313,17.20376
125,125,78.44313,17.20376
125.2,125,78.44313,17.20376
125.35,125,78.44313,17.20376
125.35,125,78.44313,17.20376
125.5,125,78.44313,17.20376
125.65,126,78.43374,17.20373
125.65,126,78.43374,17.20373
125.65,126,78.43374,17.20373
125.65,126,78.43374,17.20373
125.7,126,78.43374,17.20373
125.9,126,78.43374,17.20373
126,126,78.43374,17.20373
126,126,78.43374,17.20373
126,126,78.43374,17.20373
126,126,78.43374,17.20373
126.2,126,78.43374,17.20373
126.4,126,78.43374,17.20373
126.65,127,78.42455,17.20365
126.8,127,78.42455,17.20365
127,127,78.42455,17.20365
127,127,78.42455,17.20365
127,127,78.42455,17.20365
127,127,78.42455,17.20365
127.6,127.85,78.41702,17.2031
127.7,127.85,78.41702,17.2031
127.8,127.85,78.41702,17.2031
128,128,78.41515,17.20343
128,128,78.41515,17.20343
128,128,78.41515,17.20343
128.1,128,78.41515,17.20343
128.1,128,78.41515,17.20343
128.1,128,78.41515,17.20343
128.15,128,78.41515,17.20343
128.9,129,78.40576,17.20343
129,129,78.40576,17.20343
129,129,78.40576,17.20343
129,129,78.40576,17.20343
129,129,78.40576,17.20343
129,129,78.40576,17.20343
129,129,78.40576,17.20343
129.2,129.36,78.40223,17.20308
129.4,129.4,78.40158,17.20357
129.4,129.4,78.40158,17.20357
129.4,129.4,78.40158,17.20357
129.4,129.4,78.40158,17.20357
129.4,129.4,78.40158,17.20357
129.4,129.4,78.40158,17.20357
129.4,129.4,78.40158,17.20357
129.4,129.4,78.40158,17.20357
129.4,129.4,78.40158,17.20357
129.5,129.4,78.40158,17.20357
129.55,129.4,78.40158,17.20357
129.6,129.4,78.40158,17.20357
130,130,78.39621,17.20381
130,130,78.39621,17.20381
130,130,78.39621,17.20381
130,130,78.39621,17.20381
130.05,130.05,78.39573,17.20345
130.05,130.05,78.39573,17.20345
130.05,130.05,78.39573,17.20345
130.05,130.05,78.39573,17.20345
130.05,130.05,78.39573,17.20345
130.05,130.05,78.39573,17.20345
130.05,130.05,78.39573,17.20345
130.05,130.05,78.39573,17.20345
130.05,130.05,78.39573,17.20345
130.05,130.05,78.39573,17.20345
130.05,130.05,78.39573,17.20345
130.05,130.05,78.39573,17.20345
130.05,130.05,78.39573,17.20345
130.1,130.12,78.39515,17.20397
130.2,130.12,78.39515,17.20397
130.4,130.12,78.39515,17.20397
130.6,131,78.38838,17.20766
130.7,131,78.38838,17.20766
130.8,131,78.38838,17.20766
131,131,78.38838,17.20766
131,131,78.38838,17.20766
131,131,78.38838,17.20766
131,131,78.38838,17.20766
131,131,78.38838,17.20766
131,131,78.38838,17.20766
131.1,131,78.38838,17.20766
131.4,131.4,78.38652,17.21068
131.5,131.4,78.38652,17.21068
131.7,131.4,78.38652,17.21068
131.75,132,78.38374,17.21531
131.75,132,78.38374,17.21531
131.9,132,78.38374,17.21531
132,132,78.38374,17.21531
132,132,78.38374,17.21531
132.2,132,78.38374,17.21531
132.5,132,78.38374,17.21531
133,133,78.38225,17.2242
133,133,78.38225,17.2242
133,133,78.38225,17.2242
133,133,78.38225,17.2242
133.25,133,78.38225,17.2242
133.3,133,78.38225,17.2242
133.3,133,78.38225,17.2242
133.8,134,78.38215,17.23343
134,134,78.38215,17.23343
134,134,78.38215,17.23343
134,134,78.38215,17.23343
134,134,78.38215,17.23343
134,134,78.38215,17.23343
134,134,78.38215,17.23343
134,134,78.38215,17.23343
134,134,78.38215,17.23343
134,134,78.38215,17.23343
134,134,78.38215,17.23343
134.4,134.5,78.38172,17.23791
134.4,134.5,78.38172,17.23791
134.65,134.5,78.38172,17.23791
135,135,78.38176,17.24245
135,135,78.38176,17.24245
135,135,78.38176,17.24245
135,135,78.38176,17.24245
135.15,135,78.38176,17.24245
135.2,135,78.38176,17.24245
135.4,135.6,78.37952,17.24729
135.5,135.6,78.37952,17.24729
135.7,135.6,78.37952,17.24729
135.85,135.98,78.37814,17.25006
135.98,135.98,78.37814,17.25006
135.98,135.98,78.37814,17.25006
135.98,135.98,78.37814,17.25006
135.98,135.98,78.37814,17.25006
135.98,135.98,78.37814,17.25006
136,136,78.37827,17.25072
136,136,78.37827,17.25072
136,136,78.37827,17.25072
136,136,78.37827,17.25072
136,136,78.37827,17.25072
136,136,78.37827,17.25072
136,136,78.37827,17.25072
136,136,78.37827,17.25072
136,136,78.37827,17.25072
136,136,78.37827,17.25072
136,136,78.37827,17.25072
136.02,136.02,78.37838,17.2505
136.02,136.02,78.37838,17.2505
136.02,136.02,78.37838,17.2505
136.02,136.02,78.37838,17.2505
136.02,136.02,78.37838,17.2505
136.02,136.02,78.37838,17.2505
136.02,136.02,78.37838,17.2505
136.02,136.02,78.37838,17.2505
136.02,136.02,78.37838,17.2505
136.02,136.02,78.37838,17.2505
136.02,136.02,78.37838,17.2505
136.1,136.1,78.38063,17.25441
136.1,136.1,78.38063,17.25441
136.1,136.1,78.38063,17.25441
136.1,136.1,78.38063,17.25441
136.1,136.1,78.38063,17.25441
136.1,136.1,78.38063,17.25441
136.1,136.1,78.38063,17.25441
136.1,136.1,78.38063,17.25441
136.1,136.1,78.38063,17.25441
136.1,136.1,78.38063,17.25441
136.1,136.1,78.38063,17.25441
136.1,136.1,78.38063,17.25441
136.1,136.1,78.38063,17.25441
136.1,136.1,78.38063,17.25441
136.1,136.1,78.38063,17.25441
136.1,136.1,78.38063,17.25441
136.1,136.1,78.38063,17.25441
136.1,136.1,78.38063,17.25441
136.1,136.1,78.38063,17.25441
136.1,136.1,78.38063,17.25441
136.1,136.1,78.38063,17.25441
136.1,136.1,78.38063,17.25441
136.1,136.1,78.38063,17.25441
136.1,136.1,78.38063,17.25441
136.1,136.1,78.38063,17.25441
136.1,136.1,78.38063,17.25441
136.1,136.1,78.38063,17.25441
136.1,136.1,78.38063,17.25441
136.4,136.63,78.37606,17.25536
136.5,136.63,78.37606,17.25536
136.5,136.63,78.37606,17.25536
136.8,136.63,78.37606,17.25536
136.95,137,78.37568,17.25918
137,137,78.37568,17.25918
137,137,78.37568,17.25918
137,137,78.37568,17.25918
137,137,78.37568,17.25918
137,137,78.37568,17.25918
137,137,78.37568,17.25918
137,137,78.37568,17.25918
137,137,78.37568,17.25918
137.2,137,78.37568,17.25918
137.3,137,78.37568,17.25918
137.5,137.95,78.37862,17.26718
137.5,137.95,78.37862,17.26718
137.8,137.95,78.37862,17.26718
138,138,78.37877,17.26753
138,138,78.37877,17.26753
138,138,78.37877,17.26753
138,138,78.37877,17.26753
138,138,78.37877,17.26753
138,138,78.37877,17.26753
138.2,138,78.37877,17.26753
138.3,138,78.37877,17.26753
138.35,138,78.37877,17.26753
138.5,138,78.37877,17.26753
138.5,138,78.37877,17.26753
138.9,139,78.38208,17.27593
138.9,139,78.38208,17.27593
139,139,78.38208,17.27593
139,139,78.38208,17.27593
139,139,78.38208,17.27593
139,139,78.38208,17.27593
139,139,78.38208,17.27593
139,139,78.38208,17.27593
139,139,78.38208,17.27593
139.8,140,78.38284,17.28494
139.8,140,78.38284,17.28494
140,140,78.38284,17.28494
140,140,78.38284,17.28494
140,140,78.38284,17.28494
140,140,78.38284,17.28494
140,140,78.38284,17.28494
140,140,78.38284,17.28494
140,140,78.38284,17.28494
140,140,78.38284,17.28494
140,140,78.38284,17.28494
140,140,78.38284,17.28494
140,140,78.38284,17.28494
140.5,140.95,78.38066,17.29334
140.5,140.95,78.38066,17.29334
140.5,140.95,78.38066,17.29334
140.7,140.95,78.38066,17.29334
140.8,140.95,78.38066,17.29334
140.85,140.95,78.38066,17.29334
140.97,140.95,78.38066,17.29334
141,141,78.38094,17.29384
141,141,78.38094,17.29384
141,141,78.38094,17.29384
141,141,78.38094,17.29384
141,141,78.38094,17.29384
141,141,78.38094,17.29384
141,141,78.38094,17.29384
141,141,78.38094,17.29384
141,141,78.38094,17.29384
141,141,78.38094,17.29384
141,141,78.38094,17.29384
141.5,141,78.38094,17.29384
141.5,141,78.38094,17.29384
141.7,142,78.37891,17.30265
141.7,142,78.37891,17.30265
141.8,142,78.37891,17.30265
142,142,78.37891,17.30265
142,142,78.37891,17.30265
142,142,78.37891,17.30265
142,142,78.37891,17.30265
142,142,78.37891,17.30265
142,142,78.37891,17.30265
142,142,78.37891,17.30265
142,142,78.37891,17.30265
142,142,78.37891,17.30265
142,142,78.37891,17.30265
142,142,78.37891,17.30265
142.2,142.35,78.37772,17.30608
142.3,142.35,78.37772,17.30608
142.5,142.5,78.37796,17.30669
142.5,142.5,78.37796,17.30669
142.5,142.5,78.37796,17.30669
142.5,142.5,78.37796,17.30669
142.5,142.5,78.37796,17.30669
142.5,142.5,78.37796,17.30669
142.5,142.5,78.37796,17.30669
142.5,142.5,78.37796,17.30669
142.5,142.5,78.37796,17.30669
142.6,142.5,78.37796,17.30669
142.6,142.5,78.37796,17.30669
142.6,142.5,78.37796,17.30669
142.7,142.5,78.37796,17.30669
142.7,142.5,78.37796,17.30669
142.8,143,78.37686,17.31148
143,143,78.37686,17.31148
143,143,78.37686,17.31148
143,143,78.37686,17.31148
143,143,78.37686,17.31148
143,143,78.37686,17.31148
143,143,78.37686,17.31148
143,143,78.37686,17.31148
143,143,78.37686,17.31148
143,143,78.37686,17.31148
143.25,143,78.37686,17.31148
143.5,143,78.37686,17.31148
143.5,143,78.37686,17.31148
143.5,143,78.37686,17.31148
143.9,144,78.37605,17.3204
144,144,78.37605,17.3204
144,144,78.37605,17.3204
144,144,78.37605,17.3204
144,144,78.37605,17.3204
144,144,78.37605,17.3204
144,144,78.37605,17.3204
144.02,144,78.37605,17.3204
144.5,144.55,78.37438,17.32517
144.5,144.55,78.37438,17.32517
144.5,144.55,78.37438,17.32517
144.55,144.55,78.37438,17.32517
144.55,144.55,78.37438,17.32517
144.55,144.55,78.37438,17.32517
144.55,144.55,78.37438,17.32517
144.55,144.55,78.37438,17.32517
144.55,144.55,78.37438,17.32517
144.55,144.55,78.37438,17.32517
144.55,144.55,78.37438,17.32517
144.55,144.55,78.37438,17.32517
144.6,144.55,78.37438,17.32517
144.7,144.7,78.37455,17.32556
144.8,144.7,78.37455,17.32556
145,145,78.37251,17.32896
145.2,145,78.37251,17.32896
145.3,145,78.37251,17.32896
145.3,145,78.37251,17.32896
145.4,145.75,78.36868,17.33458
145.5,145.75,78.36868,17.33458
145.5,145.75,78.36868,17.33458
145.5,145.75,78.36868,17.33458
145.5,145.75,78.36868,17.33458
145.6,145.75,78.36868,17.33458
145.8,145.75,78.36868,17.33458
146,146,78.36793,17.33659
146,146,78.36793,17.33659
146,146,78.36793,17.33659
146,146,78.36793,17.33659
146,146,78.36793,17.33659
146,146,78.36793,17.33659
146,146,78.36793,17.33659
146,146,78.36793,17.33659
146,146,78.36793,17.33659
146,146,78.36793,17.33659
146,146,78.36793,17.33659
146,146,78.36793,17.33659
146,146,78.36793,17.33659
146.1,146,78.36793,17.33659
146.2,146,78.36793,17.33659
146.3,146,78.36793,17.33659
146.4,146,78.36793,17.33659
146.4,146,78.36793,17.33659
146.55,147,78.36327,17.34437
146.6,147,78.36327,17.34437
146.6,147,78.36327,17.34437
146.6,147,78.36327,17.34437
146.6,147,78.36327,17.34437
146.6,147,78.36327,17.34437
146.65,147,78.36327,17.34437
146.8,147,78.36327,17.34437
146.8,147,78.36327,17.34437
146.8,147,78.36327,17.34437
146.8,147,78.36327,17.34437
146.85,147,78.36327,17.34437
146.95,147,78.36327,17.34437
146.95,147,78.36327,17.34437
147,147,78.36327,17.34437
147,147,78.36327,17.34437
147,147,78.36327,17.34437
147,147,78.36327,17.34437
147,147,78.36327,17.34437
147,147,78.36327,17.34437
147,147,78.36327,17.34437
147,147,78.36327,17.34437
147,147,78.36327,17.34437
147,147,78.36327,17.34437
147,147,78.36327,17.34437
147,147,78.36327,17.34437
147.1,147.12,78.36214,17.34519
147.1,147.12,78.36214,17.34519
147.2,147.23,78.36192,17.34648
147.2,147.23,78.36192,17.34648
147.23,147.23,78.36192,17.34648
147.23,147.23,78.36192,17.34648
147.23,147.23,78.36192,17.34648
147.23,147.23,78.36192,17.34648
147.23,147.23,78.36192,17.34648
147.23,147.23,78.36192,17.34648
147.23,147.23,78.36192,17.34648
147.23,147.23,78.36192,17.34648
147.23,147.23,78.36192,17.34648
147.23,147.23,78.36192,17.34648
147.23,147.23,78.36192,17.34648
147.23,147.23,78.36192,17.34648
147.25,147.23,78.36192,17.34648
147.3,147.23,78.36192,17.34648
147.5,147.65,78.35971,17.35066
147.5,147.65,78.35971,17.35066
147.5,147.65,78.35971,17.35066
147.5,147.65,78.35971,17.35066
147.65,147.65,78.35971,17.35066
147.65,147.65,78.35971,17.35066
147.65,147.65,78.35971,17.35066
147.65,147.65,78.35971,17.35066
147.65,147.65,78.35971,17.35066
147.65,147.65,78.35971,17.35066
147.65,147.65,78.35971,17.35066
147.65,147.65,78.35971,17.35066
147.65,147.65,78.35971,17.35066
147.65,147.65,78.35971,17.35066
147.65,147.65,78.35971,17.35066
147.65,147.65,78.35971,17.35066
147.65,147.65,78.35971,17.35066
147.7,147.65,78.35971,17.35066
147.8,147.65,78.35971,17.35066
147.8,147.65,78.35971,17.35066
147.95,148,78.35884,17.35247
148,148,78.35884,17.35247
148,148,78.35884,17.35247
148,148,78.35884,17.35247
148,148,78.35884,17.35247
148,148,78.35884,17.35247
148,148,78.35884,17.35247
148,148,78.35884,17.35247
148,148,78.35884,17.35247
148,148,78.35884,17.35247
148,148,78.35884,17.35247
148,148,78.35884,17.35247
148,148,78.35884,17.35247
148,148,78.35884,17.35247
148,148,78.35884,17.35247
148,148,78.35884,17.35247
148,148,78.35884,17.35247
148,148,78.35884,17.35247
148,148,78.35884,17.35247
148,148,78.35884,17.35247
148,148,78.35884,17.35247
148,148,78.35884,17.35247
148,148,78.35884,17.35247
148,148,78.35884,17.35247
148,148,78.35884,17.35247
148,148,78.35884,17.35247
148,148,78.35884,17.35247
148.2,148.3,78.35485,17.35882
148.25,148.3,78.35485,17.35882
148.3,148.3,78.35485,17.35882
148.4,148.3,78.35485,17.35882
148.5,148.3,78.35485,17.35882
148.8,149,78.35446,17.36037
148.8,149,78.35446,17.36037
148.9,149,78.35446,17.36037
149,149,78.35446,17.36037
149,149,78.35446,17.36037
149,149,78.35446,17.36037
149,149,78.35446,17.36037
149,149,78.35446,17.36037
149.1,149,78.35446,17.36037
149.2,149,78.35446,17.36037
149.8,150,78.35091,17.3688
150,150,78.35091,17.3688
150,150,78.35091,17.3688
150,150,78.35091,17.3688
150,150,78.35091,17.3688
150.05,150,78.35091,17.3688
150.1,150,78.35091,17.3688
150.1,150,78.35091,17.3688
150.25,150,78.35091,17.3688
150.3,150,78.35091,17.3688
150.4,150,78.35091,17.3688
150.5,150,78.35091,17.3688
150.8,151,78.34931,17.37737
151,151,78.34931,17.37737
151,151,78.34931,17.37737
151,151,78.34931,17.37737
151,151,78.34931,17.37737
151,151,78.34931,17.37737
151,151,78.34931,17.37737
151,151,78.34931,17.37737
151,151,78.34931,17.37737
151,151,78.34931,17.37737
151,151,78.34931,17.37737
151,151,78.34931,17.37737
151,151,78.34931,17.37737
151,151,78.34931,17.37737
151,151,78.34931,17.37737
151,151,78.34931,17.37737
151,151,78.34931,17.37737
151,151,78.34931,17.37737
151.1,151,78.34931,17.37737
151.1,151,78.34931,17.37737
151.1,151,78.34931,17.37737
151.17,151,78.34931,17.37737
151.2,151,78.34931,17.37737
151.3,151,78.34931,17.37737
151.3,151,78.34931,17.37737
151.35,151,78.34931,17.37737
151.4,151,78.34931,17.37737
151.5,151,78.34931,17.37737
151.5,151,78.34931,17.37737
151.5,151,78.34931,17.37737
151.5,151,78.34931,17.37737
151.5,151,78.34931,17.37737
151.5,151,78.34931,17.37737
151.7,152,78.35143,17.38609
151.7,152,78.35143,17.38609
151.7,152,78.35143,17.38609
151.8,152,78.35143,17.38609
152,152,78.35143,17.38609
152,152,78.35143,17.38609
152,152,78.35143,17.38609
152,152,78.35143,17.38609
152,152,78.35143,17.38609
152,152,78.35143,17.38609
152,152,78.35143,17.38609
152,152,78.35143,17.38609
152,152,78.35143,17.38609
152,152,78.35143,17.38609
152.05,152,78.35143,17.38609
152.05,152,78.35143,17.38609
152.05,152,78.35143,17.38609
152.05,152,78.35143,17.38609
152.05,152,78.35143,17.38609
152.05,152,78.35143,17.38609
152.05,152,78.35143,17.38609
152.1,152,78.35143,17.38609
152.2,152,78.35143,17.38609
152.2,152,78.35143,17.38609
152.5,152.67,78.35207,17.39102
152.5,152.67,78.35207,17.39102
152.5,152.67,78.35207,17.39102
152.6,152.67,78.35207,17.39102
152.6,152.67,78.35207,17.39102
152.65,152.67,78.35207,17.39102
152.65,152.67,78.35207,17.39102
152.67,152.67,78.35207,17.39102
152.67,152.67,78.35207,17.39102
152.67,152.67,78.35207,17.39102
152.67,152.67,78.35207,17.39102
152.67,152.67,78.35207,17.39102
152.67,152.67,78.35207,17.39102
152.67,152.67,78.35207,17.39102
152.67,152.67,78.35207,17.39102
152.67,152.67,78.35207,17.39102
152.8,152.67,78.35207,17.39102
152.8,152.67,78.35207,17.39102
152.9,153,78.3518,17.39494
153,153,78.3518,17.39494
153,153,78.3518,17.39494
153,153,78.3518,17.39494
153,153,78.3518,17.39494
153,153,78.3518,17.39494
153,153,78.3518,17.39494
153,153,78.3518,17.39494
153,153,78.3518,17.39494
153,153,78.3518,17.39494
153,153,78.3518,17.39494
153,153,78.3518,17.39494
153,153,78.3518,17.39494
153,153,78.3518,17.39494
153,153,78.3518,17.39494
153.1,153.1,78.35081,17.39547
153.1,153.1,78.35081,17.39547
153.1,153.1,78.35081,17.39547
153.16,153.1,78.35081,17.39547
153.16,153.1,78.35081,17.39547
153.16,153.1,78.35081,17.39547
153.16,153.1,78.35081,17.39547
153.16,153.1,78.35081,17.39547
153.25,153.25,78.35059,17.39776
153.25,153.25,78.35059,17.39776
153.25,153.25,78.35059,17.39776
153.25,153.25,78.35059,17.39776
153.25,153.25,78.35059,17.39776
153.25,153.25,78.35059,17.39776
153.25,153.25,78.35059,17.39776
153.25,153.25,78.35059,17.39776
153.25,153.25,78.35059,17.39776
153.25,153.25,78.35059,17.39776
153.25,153.25,78.35059,17.39776
153.5,153.7,78.35258,17.40011
153.5,153.7,78.35258,17.40011
153.5,153.7,78.35258,17.40011
153.5,153.7,78.35258,17.40011
153.5,153.7,78.35258,17.40011
153.7,153.7,78.35258,17.40011
153.7,153.7,78.35258,17.40011
153.7,153.7,78.35258,17.40011
153.8,153.7,78.35258,17.40011
154,153.7,78.35258,17.40011
154,153.7,78.35258,17.40011
154.5,155,78.35495,17.41151
154.5,155,78.35495,17.41151
154.5,155,78.35495,17.41151
155,155,78.35495,17.41151
155,155,78.35495,17.41151
155,155,78.35495,17.41151
155,155,78.35495,17.41151
155.05,155,78.35495,17.41151
155.25,155,78.35495,17.41151
155.4,155.7,78.35631,17.41838
155.4,155.7,78.35631,17.41838
155.5,155.7,78.35631,17.41838
155.5,155.7,78.35631,17.41838
155.5,155.7,78.35631,17.41838
155.6,155.7,78.35631,17.41838
155.7,155.7,78.35631,17.41838
156,156.05,78.35666,17.42112
156,156.05,78.35666,17.42112
156,156.05,78.35666,17.42112
156.05,156.05,78.35666,17.42112
156.05,156.05,78.35666,17.42112
156.05,156.05,78.35666,17.42112
156.05,156.05,78.35666,17.42112
156.05,156.05,78.35666,17.42112
156.05,156.05,78.35666,17.42112
156.05,156.05,78.35666,17.42112
156.05,156.05,78.35666,17.42112
156.05,156.05,78.35666,17.42112
156.05,156.05,78.35666,17.42112
156.05,156.05,78.35666,17.42112
156.05,156.05,78.35666,17.42112
156.05,156.05,78.35666,17.42112
156.05,156.05,78.35666,17.42112
156.2,156.05,78.35666,17.42112
156.5,156.5,78.3586,17.42756
156.7,156.7,78.35841,17.42665
157,156.7,78.35841,17.42665
157,156.7,78.35841,17.42665
157,156.7,78.35841,17.42665
157,156.7,78.35841,17.42665
157.5,157.75,78.3617,17.43542
158,157.75,78.3617,17.43542
